-- phpMyAdmin SQL Dump
-- version 5.2.1
-- https://www.phpmyadmin.net/
--
-- Host: 127.0.0.1:3306
-- Gegenereerd op: 05 mei 2025 om 15:16
-- Serverversie: 8.2.0
-- PHP-versie: 8.2.13

SET SQL_MODE = "NO_AUTO_VALUE_ON_ZERO";
START TRANSACTION;
SET time_zone = "+00:00";


/*!40101 SET @OLD_CHARACTER_SET_CLIENT=@@CHARACTER_SET_CLIENT */;
/*!40101 SET @OLD_CHARACTER_SET_RESULTS=@@CHARACTER_SET_RESULTS */;
/*!40101 SET @OLD_COLLATION_CONNECTION=@@COLLATION_CONNECTION */;
/*!40101 SET NAMES utf8mb4 */;

--
-- Database: `p04_basis`
--

-- --------------------------------------------------------

--
-- Tabelstructuur voor tabel `category`
--

DROP TABLE IF EXISTS `category`;
CREATE TABLE IF NOT EXISTS `category` (
  `ID` int NOT NULL AUTO_INCREMENT,
  `name` varchar(25) COLLATE utf8mb4_general_ci NOT NULL,
  PRIMARY KEY (`ID`)
) ENGINE=InnoDB AUTO_INCREMENT=12 DEFAULT CHARSET=utf8mb4 COLLATE=utf8mb4_general_ci;

--
-- Gegevens worden geëxporteerd voor tabel `category`
--

INSERT INTO `category` (`ID`, `name`) VALUES
(1, 'gebak'),
(2, 'bruin brood'),
(3, 'bruine broodjes'),
(4, 'buitenlandse broodjes'),
(5, 'buitenlands brood'),
(6, 'gevuld brood'),
(7, 'krentenbollen'),
(8, 'speciaal brood'),
(9, 'speciale broodjes'),
(10, 'wit brood'),
(11, 'witte broodjes');

-- --------------------------------------------------------

--
-- Tabelstructuur voor tabel `client`
--

DROP TABLE IF EXISTS `client`;
CREATE TABLE IF NOT EXISTS `client` (
  `id` int NOT NULL AUTO_INCREMENT,
  `first_name` varchar(50) COLLATE utf8mb4_general_ci DEFAULT NULL,
  `last_name` varchar(50) COLLATE utf8mb4_general_ci DEFAULT NULL,
  `email` varchar(50) COLLATE utf8mb4_general_ci DEFAULT NULL,
  `adress` varchar(50) COLLATE utf8mb4_general_ci DEFAULT NULL,
  `zipcode` varchar(50) COLLATE utf8mb4_general_ci DEFAULT NULL,
  `city` varchar(50) COLLATE utf8mb4_general_ci DEFAULT NULL,
  `state` varchar(50) COLLATE utf8mb4_general_ci DEFAULT NULL,
  `country` int DEFAULT NULL,
  `telephone` varchar(50) COLLATE utf8mb4_general_ci DEFAULT NULL,
  `isadmin` varchar(1) COLLATE utf8mb4_general_ci NOT NULL DEFAULT 'N',
  `pswrd` varchar(255) COLLATE utf8mb4_general_ci NOT NULL,
  PRIMARY KEY (`id`)
) ENGINE=InnoDB AUTO_INCREMENT=427 DEFAULT CHARSET=utf8mb4 COLLATE=utf8mb4_general_ci;

--
-- Gegevens worden geëxporteerd voor tabel `client`
--

INSERT INTO `client` (`id`, `first_name`, `last_name`, `email`, `adress`, `zipcode`, `city`, `state`, `country`, `telephone`, `isadmin`, `pswrd`) VALUES
(0, 'Dummy', 'Klant', 'NietBestaand@nowhere.org', 'Geen adres 000', '9999 XX', 'Niet Bestaand', 'Voor bestellingen verwijderde klanten', 157, 'HOOFDKANTOOR', 'N', ' '),
(1, 'Addison', 'Hacun', 'ahacun0@gravatar.com', '6 Milwaukee Plaza', '37217', 'Witzenhausen', 'Hessen', 83, '731-190-6635', 'N', ''),
(2, 'Bartholomeo', 'Paddock', 'bpaddock1@walmart.com', '3600 Pond Trail', 'M14', 'Manchester', 'England', 235, '497-381-8562', 'N', ''),
(3, 'Willette', 'Dunning', 'wdunning2@jigsy.com', '5 Walton Way', '3324', 'Dordrecht', 'Provincie Zuid-Holland', 157, '414-244-3587', 'N', ''),
(4, 'Fayina', 'Silcox', 'fsilcox3@hp.com', '4697 Killdeer Center', '30167', 'Hannover', 'Niedersachsen', 83, '216-923-0155', 'N', ''),
(5, 'Thorn', 'Mandifield', 'tmandifield4@sphinn.com', '9188 Merrick Avenue', '1404', 'Bussum', 'Provincie Noord-Holland', 157, '432-756-2945', 'N', ''),
(6, 'Hale', 'Cradoc', 'hcradoc5@mail.ru', '52 Logan Way', '5244', 'Rosmalen', 'Provincie Noord-Brabant', 157, '389-719-4509', 'N', ''),
(7, 'Britte', 'Odney', 'bodney6@tamu.edu', '3142 Artisan Crossing', 'NN11', 'Norton', 'England', 235, '313-464-0025', 'N', ''),
(8, 'Alisander', 'Rieflin', 'arieflin7@fc2.com', '915 Drewry Hill', '5914', 'Venlo', 'Provincie Limburg', 157, '973-595-8658', 'N', ''),
(9, 'Delora', 'Cleal', 'dcleal8@arstechnica.com', '60264 Bunker Hill Pass', '01156', 'Dresden', 'Sachsen', 83, '936-814-7694', 'N', ''),
(10, 'Fletch', 'Cambridge', 'fcambridge9@toplist.cz', '4 Arkansas Point', '6834', 'Arnhem', 'Provincie Gelderland', 157, '819-197-3695', 'N', ''),
(11, 'Ed', 'Ayers', 'eayersa@nsw.gov.au', '0 Bashford Crossing', '5019', 'Tilburg', 'Provincie Noord-Brabant', 157, '526-586-4450', 'N', ''),
(12, 'Yalonda', 'Kabos', 'ykabosb@livejournal.com', '88 Boyd Plaza', '6709', 'Wageningen', 'Provincie Gelderland', 157, '976-471-3905', 'N', ''),
(13, 'Tamas', 'Petry', 'tpetryc@rambler.ru', '76 Cardinal Lane', '13409', 'Berlin', 'Berlin', 83, '692-219-6942', 'N', ''),
(14, 'Baxy', 'Parsley', 'bparsleyd@zdnet.com', '31 Moland Plaza', '4839', 'Breda', 'Provincie Noord-Brabant', 157, '571-226-0405', 'N', ''),
(15, 'Pincas', 'Sheerman', 'psheermane@ft.com', '751 Clarendon Circle', '86156', 'Augsburg', 'Bayern', 83, '128-859-1628', 'N', ''),
(16, 'Mirabella', 'Betteridge', 'mbetteridgef@purevolume.com', '43 Burrows Court', '38126', 'Braunschweig', 'Niedersachsen', 83, '763-135-9262', 'N', ''),
(17, 'Lucas', 'Bazek', 'lbazekg@posterous.com', '2 Heffernan Trail', '40591', 'Düsseldorf', 'Nordrhein-Westfalen', 83, '998-500-9596', 'N', ''),
(18, 'Nomi', 'Timlin', 'ntimlinh@posterous.com', '6 Dahle Court', '63073', 'Offenbach', 'Hessen', 83, '488-650-8804', 'N', ''),
(19, 'Angelina', 'Parncutt', 'aparncutti@booking.com', '8 Shopko Terrace', '42285', 'Wuppertal', 'Nordrhein-Westfalen', 83, '850-123-7874', 'N', ''),
(20, 'Gayelord', 'Borley', 'gborleyj@cdc.gov', '91843 Clemons Lane', '3309', 'Dordrecht', 'Provincie Zuid-Holland', 157, '349-927-6102', 'N', ''),
(21, 'Gunther', 'Rozea', 'grozeak@trellian.com', '062 Mallard Pass', '4839', 'Breda', 'Provincie Noord-Brabant', 157, '501-716-5617', 'N', ''),
(22, 'Patti', 'Trematick', 'ptrematickl@businessweek.com', '711 Milwaukee Avenue', 'KW10', 'Kirkton', 'Scotland', 235, '699-868-5146', 'N', ''),
(23, 'Jeanie', 'Denerley', 'jdenerleym@army.mil', '1228 Little Fleur Avenue', 'CT16', 'Buckland', 'England', 235, '133-970-4497', 'N', ''),
(24, 'Norris', 'Branford', 'nbranfordn@homestead.com', '92 Maple Park', '13088', 'Berlin', 'Berlin', 83, '491-466-8374', 'N', ''),
(25, 'Tuck', 'Cupitt', 'tcupitto@va.gov', '7343 Aberg Road', '6204', 'Maastricht', 'Provincie Limburg', 157, '353-470-3437', 'N', ''),
(26, 'Lezlie', 'Rawne', 'lrawnep@tripadvisor.com', '0 Carpenter Circle', '1360', 'Almere Haven', 'Provincie Flevoland', 157, '728-989-7690', 'N', ''),
(27, 'Stacee', 'Clemenzi', 'sclemenziq@guardian.co.uk', '71 Moulton Terrace', 'N3', 'Church End', 'England', 235, '290-306-2939', 'N', ''),
(28, 'Tomasina', 'Lote', 'tloter@shutterfly.com', '08416 Jenna Park', '6224', 'Maastricht', 'Provincie Limburg', 157, '843-248-4375', 'N', ''),
(29, 'Dagmar', 'Cardenoso', 'dcardenosos@wp.com', '9816 Northland Pass', '7534', 'Enschede', 'Provincie Overijssel', 157, '195-799-1305', 'N', ''),
(30, 'Cam', 'Piggen', 'cpiggent@dailymotion.com', '3944 Dawn Drive', 'M14', 'Manchester', 'England', 235, '408-348-4001', 'J', ''),
(31, 'Barbey', 'Blackhurst', 'bblackhurstu@utexas.edu', '38 Forest Dale Avenue', 'IV1', 'Newton', 'Scotland', 235, '391-496-0217', 'N', ''),
(32, 'Luz', 'Greve', 'lgrevev@live.com', '5 Kedzie Park', '63073', 'Offenbach', 'Hessen', 83, '250-418-8991', 'N', ''),
(33, 'Kristin', 'Iglesia', 'kiglesiaw@nifty.com', '4 Knutson Road', '74080', 'Heilbronn', 'Baden-Württemberg', 83, '292-958-5386', 'N', ''),
(34, 'Kirsteni', 'Britzius', 'kbritziusx@mit.edu', '22799 Oriole Park', '39130', 'Magdeburg', 'Sachsen-Anhalt', 83, '138-264-3606', 'N', ''),
(35, 'Margret', 'Goater', 'mgoatery@epa.gov', '04 Lake View Junction', '7504', 'Enschede', 'Provincie Overijssel', 157, '252-980-6690', 'N', ''),
(36, 'Bert', 'Roxby', 'broxbyz@vk.com', '623 Roth Lane', '47239', 'Duisburg', 'Nordrhein-Westfalen', 83, '834-311-6682', 'N', ''),
(37, 'Fawne', 'Betho', 'fbetho10@ed.gov', '92274 New Castle Place', '2014', 'Haarlem', 'Provincie Noord-Holland', 157, '141-673-7718', 'N', ''),
(38, 'Raine', 'Eakley', 'reakley11@dagondesign.com', '41680 Kingsford Circle', '1964', 'Heemskerk', 'Provincie Noord-Holland', 157, '503-105-5680', 'N', ''),
(39, 'Brear', 'Pigney', 'bpigney12@stanford.edu', '01226 Holy Cross Street', '2228', 'Katwijk', 'Provincie Zuid-Holland', 157, '880-251-5074', 'N', ''),
(40, 'Valerye', 'Goody', 'vgoody13@joomla.org', '823 Bashford Trail', 'DT10', 'Kingston', 'England', 235, '722-827-8014', 'N', ''),
(41, 'Ardine', 'Berney', 'aberney14@google.com.br', '38 Cascade Pass', '40215', 'Düsseldorf', 'Nordrhein-Westfalen', 83, '567-993-5928', 'N', ''),
(42, 'Quint', 'Strafford', 'qstrafford15@artisteer.com', '7 Donald Court', '10715', 'Berlin', 'Berlin', 83, '391-591-1185', 'N', ''),
(43, 'Willetta', 'Jansey', 'wjansey16@uol.com.br', '39 Butternut Center', '7309', 'Apeldoorn', 'Provincie Gelderland', 157, '158-647-6570', 'N', ''),
(44, 'Dora', 'Blue', 'dblue17@creativecommons.org', '54 Kim Trail', '9730', 'Groningen', 'Provincie Groningen', 157, '814-217-7908', 'J', ''),
(45, 'Ealasaid', 'Hayhurst', 'ehayhurst18@newyorker.com', '9 Jana Circle', '27576', 'Bremerhaven', 'Bremen', 83, '406-918-7210', 'N', ''),
(46, 'Eamon', 'Lindenberg', 'elindenberg19@drupal.org', '312 Eliot Court', '6529', 'Nijmegen', 'Provincie Gelderland', 157, '758-502-5854', 'N', ''),
(47, 'Wallace', 'Boucher', 'wboucher1a@imageshack.us', '29 Moland Lane', 'DT10', 'Kingston', 'England', 235, '507-907-2677', 'N', ''),
(48, 'Alfons', 'Troup', 'atroup1b@t.co', '52 Hansons Park', '4609', 'Bergen op Zoom', 'Provincie Noord-Brabant', 157, '764-460-9688', 'N', ''),
(49, 'Drusie', 'Amori', 'damori1c@bloglines.com', '3078 Hintze Terrace', '5644', 'Eindhoven', 'Provincie Noord-Brabant', 157, '344-406-4608', 'N', ''),
(50, 'Adriana', 'Box', 'abox1d@ca.gov', '6 Brown Road', '20249', 'Hamburg Harvestehude', 'Hamburg', 83, '386-113-8893', 'N', ''),
(51, 'Alice', 'Marjanski', 'amarjanski1e@lycos.com', '83 Northview Junction', 'WF9', 'Upton', 'England', 235, '799-813-0693', 'N', ''),
(52, 'Art', 'Bartoszinski', 'abartoszinski1f@scribd.com', '9789 Magdeline Park', '2614', 'Delft', 'Provincie Zuid-Holland', 157, '228-257-9563', 'N', ''),
(53, 'Kacy', 'Rew', 'krew1g@army.mil', '3998 Crowley Drive', '80337', 'München', 'Bayern', 83, '364-949-1226', 'N', ''),
(54, 'Noby', 'Scales', 'nscales1h@reuters.com', '55 Northridge Drive', '45149', 'Essen', 'Nordrhein-Westfalen', 83, '868-990-1665', 'N', ''),
(55, 'Lilyan', 'Ciccetti', 'lciccetti1i@hostgator.com', '7 Bunker Hill Street', '86156', 'Augsburg', 'Bayern', 83, '162-871-2227', 'N', ''),
(56, 'Winnifred', 'Hasslocher', 'whasslocher1j@wp.com', '78 Di Loreto Drive', '22179', 'Hamburg', 'Hamburg', 83, '407-857-4282', 'N', ''),
(57, 'Benn', 'Bellini', 'bbellini1k@dot.gov', '997 Graceland Place', '79114', 'Freiburg im Breisgau', 'Baden-Württemberg', 83, '593-994-5047', 'N', ''),
(58, 'Sayre', 'Balch', 'sbalch1l@theguardian.com', '2390 West Lane', '8924', 'Leeuwarden', 'Provincie Friesland', 157, '586-300-1601', 'N', ''),
(59, 'Morgen', 'Tindley', 'mtindley1m@flavors.me', '107 Clove Pass', '12103', 'Berlin', 'Berlin', 83, '783-127-2240', 'N', ''),
(60, 'Kattie', 'Longmate', 'klongmate1n@blogtalkradio.com', '5 Tomscot Center', '1304', 'Almere Stad', 'Provincie Flevoland', 157, '826-412-6521', 'N', ''),
(61, 'Mylo', 'Sprowson', 'msprowson1o@nyu.edu', '16 Waxwing Place', '6509', 'Nijmegen', 'Provincie Gelderland', 157, '368-336-4094', 'N', ''),
(62, 'Nikki', 'Filimore', 'nfilimore1p@people.com.cn', '8991 Stoughton Road', '1509', 'Zaandam', 'Provincie Noord-Holland', 157, '890-803-3834', 'N', ''),
(63, 'Jay', 'Bener', 'jbener1q@mtv.com', '5 Fremont Plaza', '09123', 'Chemnitz', 'Sachsen', 83, '220-260-6349', 'N', ''),
(64, 'Feliza', 'Doust', 'fdoust1r@redcross.org', '473 Redwing Crossing', '22041', 'Hamburg', 'Hamburg', 83, '836-755-1246', 'N', ''),
(65, 'Gaynor', 'Siret', 'gsiret1s@fc2.com', '7 Maryland Circle', '3560', 'Utrecht (stad)', 'Provincie Utrecht', 157, '841-624-2788', 'N', ''),
(66, 'Kimberli', 'Jacquemy', 'kjacquemy1t@pen.io', '722 Tennessee Park', 'BS14', 'Whitchurch', 'England', 235, '575-951-5247', 'N', ''),
(67, 'Gayler', 'Bontine', 'gbontine1u@weibo.com', '7089 Shelley Terrace', '40225', 'Düsseldorf', 'Nordrhein-Westfalen', 83, '193-771-7797', 'N', ''),
(68, 'Blanch', 'Van de Vlies', 'bvandevlies1v@earthlink.net', '21186 Paget Crossing', '22769', 'Hamburg', 'Hamburg', 83, '796-929-8144', 'N', ''),
(69, 'Allison', 'Hansard', 'ahansard1w@quantcast.com', '5 Holy Cross Point', 'W1F', 'London', 'England', 235, '616-404-8437', 'N', ''),
(70, 'Benn', 'Phillipps', 'bphillipps1x@unesco.org', '342 Mockingbird Plaza', '20459', 'Hamburg Sankt Pauli', 'Hamburg', 83, '329-613-4928', 'N', ''),
(71, 'Kenton', 'Spanton', 'kspanton1y@so-net.ne.jp', '44 Westerfield Court', '5100', 'Namur', 'Wallonie', 22, '577-356-8954', 'N', ''),
(72, 'Cahra', 'Rosenberger', 'crosenberger1z@quantcast.com', '60 Anzinger Place', '80804', 'München', 'Bayern', 83, '642-365-6957', 'N', ''),
(73, 'Marylou', 'MacLaren', 'mmaclaren20@google.com.hk', '17535 Marcy Court', '41468', 'Neuss', 'Nordrhein-Westfalen', 83, '662-608-4668', 'N', ''),
(74, 'Theodor', 'Pollak', 'tpollak21@networksolutions.com', '8838 Bowman Court', '38106', 'Braunschweig', 'Niedersachsen', 83, '601-428-1689', 'N', ''),
(75, 'Halie', 'Whitebread', 'hwhitebread22@paginegialle.it', '40064 David Center', '8044', 'Zwolle', 'Provincie Overijssel', 157, '275-583-0278', 'N', ''),
(76, 'Nissie', 'Newson', 'nnewson23@google.fr', '91739 Washington Court', '2029', 'Haarlem', 'Provincie Noord-Holland', 157, '408-813-2468', 'N', ''),
(77, 'Florri', 'Fuchs', 'ffuchs24@intel.com', '11 Melby Court', '80804', 'München', 'Bayern', 83, '791-892-2403', 'N', ''),
(78, 'King', 'Torrecilla', 'ktorrecilla25@phpbb.com', '8 Ludington Parkway', '6224', 'Maastricht', 'Provincie Limburg', 157, '727-959-7240', 'N', ''),
(79, 'Twyla', 'Kase', 'tkase26@issuu.com', '1 Homewood Court', '41468', 'Neuss', 'Nordrhein-Westfalen', 83, '338-429-4069', 'N', ''),
(80, 'Iorgos', 'Dimanche', 'idimanche27@china.com.cn', '10 Bunting Terrace', '6539', 'Nijmegen', 'Provincie Gelderland', 157, '300-700-5670', 'J', ''),
(81, 'Bobbie', 'Spiby', 'bspiby28@geocities.com', '15001 Mockingbird Place', '12559', 'Berlin', 'Berlin', 83, '396-348-7413', 'N', ''),
(82, 'Germana', 'Abadam', 'gabadam29@amazon.co.uk', '9 Village Plaza', '2019', 'Haarlem', 'Provincie Noord-Holland', 157, '143-161-0798', 'N', ''),
(83, 'Clarita', 'Leif', 'cleif2a@privacy.gov.au', '049 Stephen Alley', 'LE15', 'Normanton', 'England', 235, '942-615-2606', 'N', ''),
(84, 'Sofia', 'Jachimczak', 'sjachimczak2b@wisc.edu', '7964 Eastwood Hill', '22111', 'Hamburg', 'Hamburg', 83, '645-937-3149', 'N', ''),
(85, 'Chane', 'Leveritt', 'cleveritt2c@skype.com', '62 Colorado Circle', '44629', 'Herne', 'Nordrhein-Westfalen', 83, '881-111-6971', 'N', ''),
(86, 'Wrennie', 'Manwaring', 'wmanwaring2d@nyu.edu', '92962 Orin Pass', '3530', 'Utrecht (stad)', 'Provincie Utrecht', 157, '966-915-3931', 'N', ''),
(87, 'Ebony', 'Bernhardsson', 'ebernhardsson2e@unicef.org', '9476 Schurz Lane', '8904', 'Leeuwarden', 'Provincie Friesland', 157, '997-194-7431', 'N', ''),
(88, 'Hermine', 'Lauritsen', 'hlauritsen2f@lycos.com', '971 Raven Point', '10179', 'Berlin', 'Berlin', 83, '554-162-2067', 'N', ''),
(89, 'Gwen', 'Michelotti', 'gmichelotti2g@ning.com', '86038 Independence Drive', '8604', 'Sneek', 'Provincie Friesland', 157, '886-286-5427', 'N', ''),
(90, 'Myrtle', 'Dodding', 'mdodding2h@seesaa.net', '828 Mcguire Crossing', '3994', 'Houten', 'Provincie Utrecht', 157, '785-579-9769', 'N', ''),
(91, 'Brendon', 'Jervois', 'bjervois2i@guardian.co.uk', '11844 Rigney Trail', '8029', 'Zwolle', 'Provincie Overijssel', 157, '319-578-9778', 'N', ''),
(92, 'Angie', 'Slimmon', 'aslimmon2j@china.com.cn', '64 6th Hill', '3009', 'Rotterdam postbusnummers', 'Provincie Zuid-Holland', 157, '156-238-5883', 'N', ''),
(93, 'Emlyn', 'Hedin', 'ehedin2k@marriott.com', '38 Warbler Avenue', '3309', 'Dordrecht', 'Provincie Zuid-Holland', 157, '881-220-6274', 'N', ''),
(94, 'Clemens', 'Avesque', 'cavesque2l@slate.com', '63 Oxford Circle', 'M34', 'Denton', 'England', 235, '994-711-7136', 'N', ''),
(95, 'Breena', 'Skettles', 'bskettles2m@bloglines.com', '400 Summerview Circle', '55124', 'Mainz', 'Rheinland-Pfalz', 83, '578-993-3005', 'N', ''),
(96, 'Nell', 'Hadigate', 'nhadigate2n@zdnet.com', '258 Sauthoff Road', '13599', 'Berlin', 'Berlin', 83, '861-150-3612', 'N', ''),
(97, 'Holly', 'Banes', 'hbanes2o@elpais.com', '714 Kim Road', '5609', 'Eindhoven', 'Provincie Noord-Brabant', 157, '803-271-0473', 'N', ''),
(98, 'Almira', 'Harrow', 'aharrow2p@digg.com', '4835 Buhler Terrace', '7604', 'Almelo', 'Provincie Overijssel', 157, '686-948-2414', 'N', ''),
(99, 'Danyelle', 'Robiot', 'drobiot2q@a8.net', '5869 Farmco Road', 'PR1', 'Preston', 'England', 235, '377-693-1947', 'N', ''),
(100, 'Dorella', 'Hobble', 'dhobble2r@wikipedia.org', '35822 Dwight Park', 'BD23', 'Linton', 'England', 235, '573-752-0012', 'N', ''),
(101, 'Nissa', 'Etuck', 'netuck2s@mashable.com', '1 Glacier Hill Avenue', '04288', 'Leipzig', 'Sachsen', 83, '699-708-6998', 'N', ''),
(102, 'Arel', 'MacColgan', 'amaccolgan2t@weibo.com', '6 Waxwing Pass', 'KW10', 'Kirkton', 'Scotland', 235, '537-169-3626', 'N', ''),
(103, 'Cortney', 'Edginton', 'cedginton2u@accuweather.com', '29609 Aberg Point', '3764', 'Soest', 'Provincie Utrecht', 157, '719-250-3205', 'N', ''),
(104, 'Nickolai', 'Husthwaite', 'nhusthwaite2v@bbb.org', '7375 Eastwood Place', '04109', 'Leipzig', 'Sachsen', 83, '337-602-8388', 'N', ''),
(105, 'Camala', 'Morecombe', 'cmorecombe2w@wikimedia.org', '5451 Algoma Place', 'RH5', 'Sutton', 'England', 235, '618-188-5176', 'N', ''),
(106, 'Lauraine', 'Warde', 'lwarde2x@purevolume.com', '67 Springs Parkway', '2989', 'Ridderkerk', 'Provincie Zuid-Holland', 157, '321-886-3886', 'N', ''),
(107, 'Peggy', 'Astlatt', 'pastlatt2y@unicef.org', '0 Oakridge Hill', '7824', 'Emmen', 'Provincie Drenthe', 157, '731-487-2424', 'N', ''),
(108, 'Egan', 'Bernette', 'ebernette2z@dell.com', '25 Killdeer Terrace', '22769', 'Hamburg', 'Hamburg', 83, '556-574-9254', 'N', ''),
(109, 'Edgard', 'Lademann', 'elademann30@posterous.com', '46 Ridgeview Drive', '12045', 'Berlin', 'Berlin', 83, '701-166-4293', 'N', ''),
(110, 'Kimberly', 'McCorkell', 'kmccorkell31@storify.com', '9004 Cambridge Point', '22041', 'Hamburg', 'Hamburg', 83, '324-989-9958', 'N', ''),
(111, 'Sheelagh', 'Redwing', 'sredwing32@qq.com', '9 Ludington Alley', '1004', 'Amsterdam', 'Provincie Noord-Holland', 157, '692-529-3944', 'N', ''),
(112, 'Sheffy', 'Di Biasi', 'sdibiasi33@epa.gov', '5 Tennessee Alley', '9730', 'Groningen', 'Provincie Groningen', 157, '685-401-0699', 'N', ''),
(113, 'Danie', 'Clayal', 'dclayal34@cafepress.com', '60578 Iowa Junction', '9674', 'Winschoten', 'Provincie Groningen', 157, '278-560-2377', 'N', ''),
(114, 'Zackariah', 'Jeanneau', 'zjeanneau35@list-manage.com', '056 Hallows Avenue', '1804', 'Alkmaar', 'Provincie Noord-Holland', 157, '955-607-1759', 'N', ''),
(115, 'Travers', 'Rosenzveig', 'trosenzveig36@umn.edu', '76627 Maywood Avenue', '5464', 'Veghel', 'Provincie Noord-Brabant', 157, '760-828-9983', 'N', ''),
(116, 'Nelie', 'Brandenberg', 'nbrandenberg37@businesswire.com', '92998 Bowman Lane', '1209', 'Hilversum', 'Provincie Noord-Holland', 157, '166-673-2039', 'N', ''),
(117, 'Marie-ann', 'Ligoe', 'mligoe38@altervista.org', '68 Nelson Street', '7824', 'Emmen', 'Provincie Drenthe', 157, '472-247-3756', 'N', ''),
(118, 'Zonnya', 'Bernette', 'zbernette39@hhs.gov', '053 Crescent Oaks Park', '3899', 'Zeewolde', 'Provincie Flevoland', 157, '653-253-5387', 'N', ''),
(119, 'Doria', 'Philcott', 'dphilcott3a@hexun.com', '16637 Meadow Vale Plaza', '4004', 'Tiel', 'Provincie Gelderland', 157, '941-176-2419', 'N', ''),
(120, 'Shelton', 'Pawellek', 'spawellek3b@marriott.com', '4495 Fremont Hill', '30453', 'Hannover', 'Niedersachsen', 83, '673-122-5970', 'N', ''),
(121, 'Fawn', 'Ivannikov', 'fivannikov3c@wunderground.com', '0038 Porter Crossing', '3805', 'Amersfoort', 'Provincie Utrecht', 157, '647-781-0434', 'N', ''),
(122, 'Malena', 'Skunes', 'mskunes3d@amazon.co.uk', '6826 Emmet Lane', '7514', 'Enschede', 'Provincie Overijssel', 157, '795-174-2928', 'N', ''),
(123, 'Ellen', 'Orgen', 'eorgen3e@mac.com', '03 Graceland Place', '28239', 'Bremen', 'Bremen', 83, '912-312-6024', 'N', ''),
(124, 'Whitman', 'Langthorne', 'wlangthorne3f@delicious.com', '162 Twin Pines Junction', '4609', 'Bergen op Zoom', 'Provincie Noord-Brabant', 157, '882-189-3225', 'N', ''),
(125, 'Rand', 'Elvy', 'relvy3g@japanpost.jp', '2 Portage Lane', '06126', 'Halle', 'Sachsen-Anhalt', 83, '440-743-8296', 'N', ''),
(126, 'Othello', 'Ingall', 'oingall3h@noaa.gov', '92 Bellgrove Road', 'OX7', 'Dean', 'England', 235, '885-909-0934', 'N', ''),
(127, 'Wildon', 'Gallant', 'wgallant3i@comsenz.com', '8 3rd Road', 'M34', 'Denton', 'England', 235, '510-876-9968', 'N', ''),
(128, 'Clemmy', 'Vardy', 'cvardy3j@sciencedirect.com', '8172 Anniversary Circle', '9674', 'Winschoten', 'Provincie Groningen', 157, '370-738-2259', 'N', ''),
(129, 'Mabel', 'Shilling', 'mshilling3k@cornell.edu', '102 Forster Junction', '1004', 'Amsterdam', 'Provincie Noord-Holland', 157, '228-213-6490', 'N', ''),
(130, 'Eduardo', 'Awty', 'eawty3l@squarespace.com', '29 Harper Place', 'NN11', 'Norton', 'England', 235, '993-972-7723', 'N', ''),
(131, 'Loraine', 'Hunnam', 'lhunnam3m@washington.edu', '0886 Dwight Plaza', '72768', 'Reutlingen', 'Baden-Württemberg', 83, '289-707-2600', 'N', ''),
(132, 'Gan', 'Hannen', 'ghannen3n@google.fr', '1883 Dennis Crossing', 'BS14', 'Whitchurch', 'England', 235, '654-621-7446', 'N', ''),
(133, 'Lorant', 'Caldeiro', 'lcaldeiro3o@meetup.com', '3006 Lighthouse Bay Center', '4619', 'Bergen op Zoom', 'Provincie Noord-Brabant', 157, '433-160-8827', 'N', ''),
(134, 'Lorne', 'Benton', 'lbenton3p@fda.gov', '611 Portage Place', '97078', 'Würzburg', 'Bayern', 83, '389-392-3644', 'N', ''),
(135, 'Saunders', 'Sleite', 'ssleite3q@ibm.com', '987 Dwight Park', '2304', 'Leiden', 'Provincie Zuid-Holland', 157, '459-947-2981', 'N', ''),
(136, 'Gillie', 'Perche', 'gperche3r@bigcartel.com', '743 Corscot Terrace', '50674', 'Köln', 'Nordrhein-Westfalen', 83, '584-988-8446', 'N', ''),
(137, 'Blinni', 'McUre', 'bmcure3s@hibu.com', '00 Drewry Pass', '10179', 'Berlin', 'Berlin', 83, '744-892-0865', 'N', ''),
(138, 'Cathryn', 'Attwell', 'cattwell3t@businessinsider.com', '0929 Dexter Avenue', '3764', 'Soest', 'Provincie Utrecht', 157, '743-108-5983', 'N', ''),
(139, 'Vergil', 'Prando', 'vprando3u@e-recht24.de', '07611 Fremont Way', '3994', 'Houten', 'Provincie Utrecht', 157, '552-788-8056', 'N', ''),
(140, 'Marcos', 'Hurren', 'mhurren3v@symantec.com', '643 Butterfield Junction', '5914', 'Venlo', 'Provincie Limburg', 157, '523-584-2543', 'N', ''),
(141, 'Kalie', 'Dymick', 'kdymick3w@typepad.com', '140 Golf View Alley', '2029', 'Haarlem', 'Provincie Noord-Holland', 157, '318-277-1399', 'N', ''),
(142, 'Emmie', 'Gomer', 'egomer3x@wunderground.com', '0 Washington Point', 'BH21', 'East End', 'England', 235, '891-209-7091', 'N', ''),
(143, 'Jefferey', 'Potteridge', 'jpotteridge3y@admin.ch', '99 Stone Corner Park', '80337', 'München', 'Bayern', 83, '796-779-2595', 'N', ''),
(144, 'Dalt', 'Prest', 'dprest3z@pcworld.com', '38 Vernon Junction', '40591', 'Düsseldorf', 'Nordrhein-Westfalen', 83, '345-576-3873', 'N', ''),
(145, 'Quincey', 'Garrattley', 'qgarrattley40@blogtalkradio.com', '4319 Sauthoff Hill', '44869', 'Bochum', 'Nordrhein-Westfalen', 83, '502-559-5310', 'N', ''),
(146, 'Calla', 'Tenny', 'ctenny41@gravatar.com', '4 Melby Street', '2629', 'Delft', 'Provincie Zuid-Holland', 157, '393-976-3283', 'N', ''),
(147, 'Joey', 'Bilsland', 'jbilsland42@xrea.com', '897 Fairfield Avenue', '4004', 'Tiel', 'Provincie Gelderland', 157, '357-111-8998', 'J', ''),
(148, 'Bjorn', 'Keir', 'bkeir43@economist.com', '7967 Paget Parkway', 'EC1V', 'London', 'England', 235, '990-399-5692', 'N', ''),
(149, 'Shaw', 'Chiddy', 'schiddy44@so-net.ne.jp', '4 Burrows Street', 'SG4', 'Langley', 'England', 235, '794-278-9959', 'N', ''),
(150, 'Melloney', 'Vreiberg', 'mvreiberg45@myspace.com', '222 Kim Alley', 'AB39', 'Aberdeen', 'Scotland', 235, '294-238-7487', 'N', ''),
(151, 'Denis', 'Brotherheed', 'dbrotherheed46@imageshack.us', '30297 Kinsman Pass', '1019', 'Amsterdam Binnenstad en Oostelijk Havengebied', 'Provincie Noord-Holland', 157, '900-650-1009', 'N', ''),
(152, 'Fianna', 'Wilshire', 'fwilshire47@businessinsider.com', '286 Doe Crossing Parkway', '04317', 'Leipzig', 'Sachsen', 83, '733-984-0215', 'N', ''),
(153, 'Buffy', 'Casari', 'bcasari48@last.fm', '4 Charing Cross Alley', '3560', 'Utrecht (stad)', 'Provincie Utrecht', 157, '762-794-6971', 'N', ''),
(154, 'Floria', 'Bernardot', 'fbernardot49@canalblog.com', '09893 Comanche Street', '7514', 'Enschede', 'Provincie Overijssel', 157, '982-499-8477', 'N', ''),
(155, 'Enrica', 'Levi', 'elevi4a@latimes.com', '8919 Starling Pass', '2019', 'Haarlem', 'Provincie Noord-Holland', 157, '525-121-2307', 'N', ''),
(156, 'Eula', 'Haslin', 'ehaslin4b@lycos.com', '0435 Canary Road', '2334', 'Leiden', 'Provincie Zuid-Holland', 157, '374-705-4891', 'N', ''),
(157, 'Gardy', 'Worg', 'gworg4c@yandex.ru', '319 Del Mar Park', '38106', 'Braunschweig', 'Niedersachsen', 83, '447-933-2828', 'N', ''),
(158, 'Naoma', 'Dyke', 'ndyke4d@aboutads.info', '7 Eastlawn Court', '6709', 'Wageningen', 'Provincie Gelderland', 157, '835-451-9826', 'N', ''),
(159, 'Deni', 'Buttle', 'dbuttle4e@myspace.com', '88207 Mayfield Point', '18147', 'Rostock', 'Mecklenburg-Vorpommern', 83, '951-346-8089', 'N', ''),
(160, 'Maurise', 'Huccaby', 'mhuccaby4f@goodreads.com', '5 Glendale Lane', '20359', 'Hamburg', 'Hamburg', 83, '580-618-0339', 'N', ''),
(161, 'Aloisia', 'Pattinson', 'apattinson4g@opera.com', '7 Gina Road', '1360', 'Almere Haven', 'Provincie Flevoland', 157, '873-625-0943', 'N', ''),
(162, 'Price', 'Cossam', 'pcossam4h@cisco.com', '471 Golf Drive', '1050', 'Bruxelles', 'Bruxelles-Capitale', 22, '254-736-1199', 'N', ''),
(163, 'Karlis', 'Sparks', 'ksparks4i@canalblog.com', '1786 Onsgard Place', '24118', 'Kiel', 'Schleswig-Holstein', 83, '930-315-2591', 'N', ''),
(164, 'Ginevra', 'Hilldrop', 'ghilldrop4j@bloomberg.com', '80 Anderson Point', '3004', 'Rotterdam postbusnummers', 'Provincie Zuid-Holland', 157, '832-615-5305', 'N', ''),
(165, 'Andris', 'Dallosso', 'adallosso4k@opera.com', '682 Florence Alley', '2309', 'Leiden', 'Provincie Zuid-Holland', 157, '776-184-6454', 'N', ''),
(166, 'Haydon', 'Gillham', 'hgillham4l@slate.com', '40118 Loomis Trail', '5924', 'Venlo', 'Provincie Limburg', 157, '593-746-2939', 'N', ''),
(167, 'Suzi', 'Leyson', 'sleyson4m@goo.gl', '3173 Moulton Center', '5144', 'Waalwijk', 'Provincie Noord-Brabant', 157, '231-926-3128', 'N', ''),
(168, 'Terrell', 'Lukacs', 'tlukacs4n@soup.io', '10 Continental Street', 'S8', 'Norton', 'England', 235, '796-394-2494', 'N', ''),
(169, 'Abbe', 'Voase', 'avoase4o@altervista.org', '8 Emmet Circle', '9052', 'Gent', 'Vlaanderen', 22, '641-446-0073', 'N', ''),
(170, 'Waite', 'Virgoe', 'wvirgoe4p@ifeng.com', '656 Haas Point', 'EH52', 'Burnside', 'Scotland', 235, '769-663-8140', 'N', ''),
(171, 'Sydelle', 'Burmingham', 'sburmingham4q@wsj.com', '112 Basil Pass', '2284', 'Rijswijk', 'Provincie Zuid-Holland', 157, '194-802-7251', 'N', ''),
(172, 'Brocky', 'Crigin', 'bcrigin4r@epa.gov', '85263 Norway Maple Street', '81679', 'München', 'Bayern', 83, '449-580-4393', 'N', ''),
(173, 'Lanny', 'Stroton', 'lstroton4s@blogspot.com', '57 Chive Point', '3530', 'Utrecht (stad)', 'Provincie Utrecht', 157, '760-991-3221', 'N', ''),
(174, 'Felipa', 'Dillinton', 'fdillinton4t@ebay.co.uk', '8100 Bobwhite Hill', 'EH52', 'Burnside', 'Scotland', 235, '879-679-7762', 'N', ''),
(175, 'Gilberta', 'Upcraft', 'gupcraft4u@prweb.com', '5908 Pennsylvania Plaza', '48161', 'Münster', 'Nordrhein-Westfalen', 83, '724-484-7154', 'N', ''),
(176, 'Maximilianus', 'Botfield', 'mbotfield4v@reuters.com', '39 Shopko Center', '06126', 'Halle', 'Sachsen-Anhalt', 83, '447-738-9609', 'N', ''),
(177, 'Anica', 'Bank', 'abank4w@wikispaces.com', '146 Old Gate Terrace', '5664', 'Geldrop', 'Provincie Noord-Brabant', 157, '586-728-1319', 'N', ''),
(178, 'Auroora', 'Storms', 'astorms4x@digg.com', '44 Cottonwood Parkway', '12437', 'Berlin', 'Berlin', 83, '256-775-3794', 'N', ''),
(179, 'Edouard', 'Benardet', 'ebenardet4y@hugedomains.com', '3 Buena Vista Park', 'BT2', 'Belfast', 'Northern Ireland', 235, '156-868-8774', 'N', ''),
(180, 'Meredith', 'Celler', 'mceller4z@adobe.com', '5991 Cherokee Hill', '2004', 'Haarlem', 'Provincie Noord-Holland', 157, '934-968-6697', 'N', ''),
(181, 'Agna', 'Gocke', 'agocke50@nyu.edu', '277 Bay Parkway', '30453', 'Hannover', 'Niedersachsen', 83, '537-951-5655', 'N', ''),
(182, 'Harriott', 'Pescott', 'hpescott51@google.pl', '25927 Goodland Trail', '55124', 'Mainz', 'Rheinland-Pfalz', 83, '482-912-0046', 'N', ''),
(183, 'Melamie', 'Jansema', 'mjansema52@flavors.me', '8 Onsgard Junction', '40489', 'Düsseldorf', 'Nordrhein-Westfalen', 83, '374-290-4498', 'N', ''),
(184, 'Leonelle', 'Cicchinelli', 'lcicchinelli53@wikipedia.org', '13111 Mitchell Avenue', '8024', 'Zwolle', 'Provincie Overijssel', 157, '789-417-8491', 'J', ''),
(185, 'Janean', 'Bellanger', 'jbellanger54@tamu.edu', '9 Thompson Alley', '1049', 'Amsterdam Westpoort', 'Provincie Noord-Holland', 157, '663-789-1755', 'N', ''),
(186, 'Theodor', 'Ashlee', 'tashlee55@java.com', '51417 Jana Way', '5214', '\'s-Hertogenbosch', 'Provincie Noord-Brabant', 157, '542-114-9623', 'N', ''),
(187, 'Ludovika', 'Pullan', 'lpullan56@google.com.hk', '83665 Almo Drive', '7309', 'Apeldoorn', 'Provincie Gelderland', 157, '791-428-1272', 'N', ''),
(188, 'Alfy', 'Gerriessen', 'agerriessen57@ftc.gov', '07225 Clove Lane', '50733', 'Köln', 'Nordrhein-Westfalen', 83, '834-509-1446', 'N', ''),
(189, 'Paul', 'Sharkey', 'psharkey58@gizmodo.com', '43303 Bluejay Trail', 'DL8', 'Carlton', 'England', 235, '640-697-4551', 'N', ''),
(190, 'Elvera', 'Boggs', 'eboggs59@dagondesign.com', '05177 Toban Way', '40225', 'Düsseldorf', 'Nordrhein-Westfalen', 83, '760-744-0480', 'N', ''),
(191, 'Aloysius', 'Barten', 'abarten5a@diigo.com', '0 Gina Junction', '12103', 'Berlin', 'Berlin', 83, '879-945-9181', 'N', ''),
(192, 'Mahmud', 'Wyeld', 'mwyeld5b@ox.ac.uk', '86 Hermina Trail', '24118', 'Kiel', 'Schleswig-Holstein', 83, '828-193-7707', 'N', ''),
(193, 'Keenan', 'Janouch', 'kjanouch5c@github.com', '02 Knutson Way', '2019', 'Haarlem', 'Provincie Noord-Holland', 157, '336-639-5066', 'N', ''),
(194, 'Sheryl', 'Shepland', 'sshepland5d@mozilla.org', '9349 Dixon Lane', '4004', 'Tiel', 'Provincie Gelderland', 157, '100-362-2503', 'N', ''),
(195, 'Elyn', 'Scarf', 'escarf5e@china.com.cn', '153 Sommers Drive', '5144', 'Waalwijk', 'Provincie Noord-Brabant', 157, '114-307-9646', 'N', ''),
(196, 'Kyle', 'Agent', 'kagent5f@quantcast.com', '9178 Miller Pass', '8304', 'Emmeloord', 'Provincie Flevoland', 157, '815-887-4129', 'N', ''),
(197, 'Feodor', 'Pochin', 'fpochin5g@bloglovin.com', '035 Pawling Terrace', '14109', 'Berlin', 'Berlin', 83, '956-149-4948', 'N', ''),
(198, 'Morgen', 'Lyvon', 'mlyvon5h@mysql.com', '63209 Everett Lane', 'M14', 'Manchester', 'England', 235, '899-234-8412', 'N', ''),
(199, 'Daren', 'MacEnelly', 'dmacenelly5i@tinypic.com', '89 Merry Park', 'LE14', 'Twyford', 'England', 235, '483-640-7164', 'N', ''),
(200, 'Corny', 'Gulberg', 'cgulberg5j@wordpress.org', '633 Prentice Center', 'BD23', 'Linton', 'England', 235, '312-800-7394', 'N', ''),
(201, 'Rudyard', 'Shafe', 'rshafe5k@cyberchimps.com', '32 Service Terrace', '44369', 'Dortmund', 'Nordrhein-Westfalen', 83, '295-686-7566', 'N', ''),
(202, 'Rowland', 'McCrackem', 'rmccrackem5l@oaic.gov.au', '6 Valley Edge Circle', '70567', 'Stuttgart', 'Baden-Württemberg', 83, '639-503-9318', 'N', ''),
(203, 'Court', 'Sykora', 'csykora5m@ow.ly', '1 Heath Terrace', '7319', 'Apeldoorn', 'Provincie Gelderland', 157, '796-936-0756', 'N', ''),
(204, 'Lock', 'Hullock', 'lhullock5n@digg.com', '4225 Reindahl Drive', '2304', 'Leiden', 'Provincie Zuid-Holland', 157, '267-715-3466', 'N', ''),
(205, 'Vic', 'Wybrew', 'vwybrew5o@godaddy.com', '8 Burrows Center', '5234', '\'s-Hertogenbosch', 'Provincie Noord-Brabant', 157, '959-921-1329', 'N', ''),
(206, 'Portia', 'Waine', 'pwaine5p@cafepress.com', '4570 Birchwood Circle', '7409', 'Deventer', 'Provincie Overijssel', 157, '373-434-6657', 'N', ''),
(207, 'Gui', 'Rankcom', 'grankcom5q@github.io', '88 1st Trail', '9674', 'Winschoten', 'Provincie Groningen', 157, '450-354-1868', 'N', ''),
(208, 'Michal', 'Braim', 'mbraim5r@wsj.com', '11 2nd Junction', 'SN13', 'Ashley', 'England', 235, '852-396-3773', 'N', ''),
(209, 'Janelle', 'Hawick', 'jhawick5s@theguardian.com', '40 Knutson Circle', '2170', 'Antwerpen', 'Vlaanderen', 22, '689-187-5533', 'N', ''),
(210, 'Lynnea', 'Olphert', 'lolphert5t@cam.ac.uk', '74151 Rowland Point', 'AB56', 'Milton', 'Scotland', 235, '537-197-9846', 'N', ''),
(211, 'Ansel', 'Licciardo', 'alicciardo5u@illinois.edu', '5188 Mayfield Junction', 'PR1', 'Preston', 'England', 235, '550-960-9149', 'N', ''),
(212, 'Melva', 'Gaddes', 'mgaddes5v@drupal.org', '8915 Sugar Drive', '7824', 'Emmen', 'Provincie Drenthe', 157, '824-409-9384', 'N', ''),
(213, 'Gavin', 'Connechie', 'gconnechie5w@merriam-webster.com', '22 La Follette Drive', '5644', 'Eindhoven', 'Provincie Noord-Brabant', 157, '565-334-6452', 'N', ''),
(214, 'Kalil', 'Mannie', 'kmannie5x@indiegogo.com', '12615 Corry Pass', '2329', 'Leiden', 'Provincie Zuid-Holland', 157, '941-504-6922', 'N', ''),
(215, 'Shae', 'Ferries', 'sferries5y@nyu.edu', '4387 Bobwhite Pass', 'S33', 'Sheffield', 'England', 235, '623-237-1088', 'N', ''),
(216, 'Pauli', 'Groombridge', 'pgroombridge5z@prnewswire.com', '14125 Del Mar Park', '30167', 'Hannover', 'Niedersachsen', 83, '623-981-7656', 'N', ''),
(217, 'Gena', 'Zammett', 'gzammett60@github.com', '0047 Chinook Drive', 'AB55', 'Tullich', 'Scotland', 235, '969-155-3851', 'N', ''),
(218, 'Geoff', 'Fenby', 'gfenby61@boston.com', '95 Weeping Birch Point', 'CV35', 'Walton', 'England', 235, '966-434-7240', 'N', ''),
(219, 'Barny', 'Keymar', 'bkeymar62@t-online.de', '501 Summer Ridge Alley', '1170', 'Bruxelles', 'Bruxelles-Capitale', 22, '379-350-3855', 'N', ''),
(220, 'Robby', 'Clurow', 'rclurow63@ftc.gov', '1 Lakeland Plaza', '80686', 'München', 'Bayern', 83, '622-581-1343', 'N', ''),
(221, 'Chrisse', 'Birdseye', 'cbirdseye64@apple.com', '5352 Pleasure Road', 'DL8', 'Carlton', 'England', 235, '360-367-1907', 'N', ''),
(222, 'Glynn', 'Scotchbourouge', 'gscotchbourouge65@nih.gov', '022 Novick Place', '6044', 'Roermond', 'Provincie Limburg', 157, '799-979-0275', 'N', ''),
(223, 'Leeland', 'Rabbitts', 'lrabbitts66@feedburner.com', '21 Schmedeman Place', '2264', 'Leidschendam', 'Provincie Zuid-Holland', 157, '684-924-9651', 'N', ''),
(224, 'Gerald', 'Larrad', 'glarrad67@xing.com', '0164 Lakewood Way', 'CV35', 'Walton', 'England', 235, '424-673-1345', 'N', ''),
(225, 'Guenna', 'Belfit', 'gbelfit68@cloudflare.com', '139 Elmside Plaza', 'NN11', 'Norton', 'England', 235, '405-349-6517', 'N', ''),
(226, 'Christabel', 'Carl', 'ccarl69@symantec.com', '4745 Sunnyside Avenue', '5249', 'Rosmalen', 'Provincie Noord-Brabant', 157, '619-526-7261', 'N', ''),
(227, 'Korie', 'Scotson', 'kscotson6a@timesonline.co.uk', '8638 Lakeland Terrace', '3805', 'Amersfoort', 'Provincie Utrecht', 157, '612-965-1005', 'N', ''),
(228, 'Penrod', 'Heartfield', 'pheartfield6b@goodreads.com', '310 Vahlen Parkway', '5644', 'Eindhoven', 'Provincie Noord-Brabant', 157, '699-281-2902', 'N', ''),
(229, 'Carmon', 'Zammitt', 'czammitt6c@angelfire.com', '0890 Jana Drive', '9052', 'Gent', 'Vlaanderen', 22, '323-577-8652', 'N', ''),
(230, 'Barnabas', 'Cabbell', 'bcabbell6d@thetimes.co.uk', '2820 Ilene Point', '8029', 'Zwolle', 'Provincie Overijssel', 157, '111-384-4712', 'N', ''),
(231, 'Nyssa', 'Mc Ilwrick', 'nmcilwrick6e@devhub.com', '2158 Stone Corner Court', 'NR34', 'Brampton', 'England', 235, '603-919-2852', 'N', ''),
(232, 'Constantia', 'Ladbrooke', 'cladbrooke6f@gov.uk', '1 Anhalt Plaza', 'BS14', 'Whitchurch', 'England', 235, '292-520-0898', 'N', ''),
(233, 'Ludwig', 'Tarbox', 'ltarbox6g@technorati.com', '53 Eggendart Junction', '20359', 'Hamburg', 'Hamburg', 83, '188-901-5893', 'N', ''),
(234, 'Debbie', 'Matskevich', 'dmatskevich6h@auda.org.au', '75881 Continental Way', '3560', 'Utrecht (stad)', 'Provincie Utrecht', 157, '387-398-6729', 'N', ''),
(235, 'Sadella', 'Rudyard', 'srudyard6i@patch.com', '27985 Mendota Park', '20359', 'Hamburg', 'Hamburg', 83, '837-684-2448', 'N', ''),
(236, 'Gilemette', 'Hullins', 'ghullins6j@state.tx.us', '2078 Anderson Junction', '48161', 'Münster', 'Nordrhein-Westfalen', 83, '840-626-0559', 'N', ''),
(237, 'Lyndy', 'A\'Barrow', 'labarrow6k@yahoo.com', '4885 Marcy Court', 'DN22', 'Eaton', 'England', 235, '355-867-7660', 'N', ''),
(238, 'Fabien', 'Grove', 'fgrove6l@fastcompany.com', '8 Gina Road', '7309', 'Apeldoorn', 'Provincie Gelderland', 157, '737-476-7690', 'N', ''),
(239, 'Silvanus', 'Le Merchant', 'slemerchant6m@walmart.com', '06 Raven Junction', '5629', 'Eindhoven', 'Provincie Noord-Brabant', 157, '302-296-9931', 'N', ''),
(240, 'Gavra', 'Tammadge', 'gtammadge6n@trellian.com', '6 Springs Hill', '2104', 'Heemstede', 'Provincie Noord-Holland', 157, '876-273-6226', 'N', ''),
(241, 'Ellissa', 'Paish', 'epaish6o@mit.edu', '7090 Mitchell Terrace', '7536', 'Tournai', 'Wallonie', 22, '668-360-1051', 'N', ''),
(242, 'Danyette', 'Pendell', 'dpendell6p@drupal.org', '36956 Jana Junction', '24109', 'Kiel', 'Schleswig-Holstein', 83, '803-203-3644', 'N', ''),
(243, 'Felicia', 'Siddele', 'fsiddele6q@themeforest.net', '51407 Jay Circle', 'W1F', 'London', 'England', 235, '500-180-5393', 'N', ''),
(244, 'Graig', 'Orgee', 'gorgee6r@google.es', '8 4th Parkway', '12559', 'Berlin', 'Berlin', 83, '350-774-0252', 'N', ''),
(245, 'Tremain', 'Wornham', 'twornham6s@paginegialle.it', '158 Gerald Plaza', '68239', 'Mannheim', 'Baden-Württemberg', 83, '193-758-5999', 'N', ''),
(246, 'Chickie', 'Kybird', 'ckybird6t@artisteer.com', '4 Schiller Crossing', 'DN21', 'Upton', 'England', 235, '815-350-7659', 'N', ''),
(247, 'Beatriz', 'Revening', 'brevening6u@weibo.com', '537 Kennedy Parkway', '35687', 'Dillenburg', 'Hessen', 83, '267-976-1499', 'N', ''),
(248, 'Nanette', 'Stihl', 'nstihl6v@taobao.com', '00 Marcy Place', '90451', 'Nürnberg', 'Bayern', 83, '892-389-1868', 'N', ''),
(249, 'Fairfax', 'Lamonby', 'flamonby6w@cam.ac.uk', '268 Weeping Birch Parkway', '9730', 'Groningen', 'Provincie Groningen', 157, '633-350-9993', 'N', ''),
(250, 'Lucius', 'Whymark', 'lwhymark6x@bbb.org', '32231 Westend Parkway', '1974', 'IJmuiden', 'Provincie Noord-Holland', 157, '991-328-9364', 'N', ''),
(251, 'Jaquelyn', 'Thomlinson', 'jthomlinson6y@imageshack.us', '99927 Lukken Parkway', '6444', 'Brunssum', 'Provincie Limburg', 157, '151-974-5325', 'N', ''),
(252, 'Dolph', 'Seacroft', 'dseacroft6z@123-reg.co.uk', '72 Gateway Way', '47239', 'Duisburg', 'Nordrhein-Westfalen', 83, '941-998-5392', 'N', ''),
(253, 'Carolin', 'Oldknowe', 'coldknowe70@fc2.com', '0 Dexter Hill', '6709', 'Wageningen', 'Provincie Gelderland', 157, '609-905-1338', 'N', ''),
(254, 'Karisa', 'Studders', 'kstudders71@miitbeian.gov.cn', '1 7th Pass', '1049', 'Amsterdam Westpoort', 'Provincie Noord-Holland', 157, '354-120-0678', 'N', ''),
(255, 'Samson', 'Osichev', 'sosichev72@wp.com', '78 Hintze Place', '13347', 'Berlin', 'Berlin', 83, '531-412-4558', 'N', ''),
(256, 'Barnabas', 'Leighton', 'bleighton73@narod.ru', '8 Basil Drive', 'B12', 'Birmingham', 'England', 235, '169-426-3530', 'N', ''),
(257, 'Bay', 'Meenehan', 'bmeenehan74@barnesandnoble.com', '1 Service Center', '2309', 'Leiden', 'Provincie Zuid-Holland', 157, '550-285-0775', 'N', ''),
(258, 'Catrina', 'Brice', 'cbrice75@cmu.edu', '51311 Thierer Park', '3530', 'Utrecht (stad)', 'Provincie Utrecht', 157, '354-900-8372', 'N', ''),
(259, 'Shanta', 'Tellenbrok', 'stellenbrok76@cam.ac.uk', '2 Stone Corner Center', '1509', 'Zaandam', 'Provincie Noord-Holland', 157, '459-235-5692', 'N', ''),
(260, 'Rafaela', 'Hawke', 'rhawke77@wordpress.org', '44 Roth Center', '20459', 'Hamburg Sankt Pauli', 'Hamburg', 83, '939-784-3111', 'N', ''),
(261, 'Erinna', 'Vauter', 'evauter78@comsenz.com', '486 Ryan Junction', '59071', 'Hamm', 'Nordrhein-Westfalen', 83, '173-597-8048', 'N', ''),
(262, 'Rabbi', 'Ludlem', 'rludlem79@constantcontact.com', '4805 Westport Junction', '6804', 'Arnhem', 'Provincie Gelderland', 157, '916-645-5007', 'N', ''),
(263, 'Fletch', 'Hamal', 'fhamal7a@woothemes.com', '93372 Banding Crossing', '2264', 'Leidschendam', 'Provincie Zuid-Holland', 157, '718-680-6100', 'N', ''),
(264, 'Chad', 'Drohane', 'cdrohane7b@eepurl.com', '1 Homewood Point', 'CT15', 'Sutton', 'England', 235, '560-226-0060', 'N', ''),
(265, 'Midge', 'Molan', 'mmolan7c@geocities.jp', '7593 Thompson Center', 'BS14', 'Whitchurch', 'England', 235, '646-156-1274', 'N', ''),
(266, 'Lynnelle', 'Pagram', 'lpagram7d@netscape.com', '8 Thierer Drive', '30167', 'Hannover', 'Niedersachsen', 83, '580-899-9518', 'N', ''),
(267, 'Kelby', 'Pegram', 'kpegram7e@blinklist.com', '72501 Forster Junction', '6834', 'Bouillon', 'Wallonie', 22, '140-446-6910', 'N', ''),
(268, 'Lacy', 'Boustead', 'lboustead7f@phoca.cz', '8 Gerald Way', 'AB56', 'Milton', 'Scotland', 235, '389-190-2656', 'N', ''),
(269, 'Gard', 'Lagen', 'glagen7g@reuters.com', '788 2nd Pass', 'WC1B', 'London', 'England', 235, '174-697-8735', 'N', ''),
(270, 'Melantha', 'McSharry', 'mmcsharry7h@army.mil', '90 Elgar Crossing', 'NG22', 'Milton', 'England', 235, '384-962-5850', 'N', ''),
(271, 'Benny', 'Hammon', 'bhammon7i@bing.com', '65 Loftsgordon Street', '3224', 'Hellevoetsluis', 'Provincie Zuid-Holland', 157, '696-912-0155', 'N', ''),
(272, 'Amble', 'Doll', 'adoll7j@webmd.com', '56425 Grasskamp Street', '1094', 'Amsterdam-Oost', 'Provincie Noord-Holland', 157, '839-536-6668', 'N', ''),
(273, 'Timmie', 'Taverner', 'ttaverner7k@sourceforge.net', '094 Green Street', '3449', 'Woerden', 'Provincie Utrecht', 157, '254-896-2479', 'N', ''),
(274, 'Claudette', 'Matthensen', 'cmatthensen7l@guardian.co.uk', '20949 Declaration Pass', '4534', 'Terneuzen', 'Provincie Zeeland', 157, '606-792-8319', 'N', ''),
(275, 'Bertie', 'Clemmow', 'bclemmow7m@trellian.com', '58205 American Trail', '1209', 'Hilversum', 'Provincie Noord-Holland', 157, '654-242-4664', 'N', ''),
(276, 'Annie', 'Turnor', 'aturnor7n@ask.com', '2 Mitchell Plaza', '6834', 'Arnhem', 'Provincie Gelderland', 157, '673-990-7847', 'N', ''),
(277, 'Arni', 'Duley', 'aduley7o@house.gov', '8427 Nobel Junction', '7609', 'Almelo', 'Provincie Overijssel', 157, '702-181-0251', 'N', ''),
(278, 'Hillyer', 'Hazle', 'hhazle7p@so-net.ne.jp', '9345 5th Alley', 'LE16', 'Middleton', 'England', 235, '805-615-1835', 'N', ''),
(279, 'Viviyan', 'Criag', 'vcriag7q@comcast.net', '3323 Thompson Point', '13347', 'Berlin', 'Berlin', 83, '941-744-7341', 'N', ''),
(280, 'Chuck', 'Heiden', 'cheiden7r@huffingtonpost.com', '5456 Northview Park', '2029', 'Haarlem', 'Provincie Noord-Holland', 157, '916-428-8429', 'N', ''),
(281, 'Dwight', 'Hazel', 'dhazel7s@deliciousdays.com', '3641 Truax Road', '22303', 'Hamburg Winterhude', 'Hamburg', 83, '647-408-2427', 'N', ''),
(282, 'Mellicent', 'Guidera', 'mguidera7t@guardian.co.uk', '5502 Blue Bill Park Parkway', 'CT16', 'Buckland', 'England', 235, '903-626-5376', 'N', ''),
(283, 'Felecia', 'Redparth', 'fredparth7u@wp.com', '09806 Lien Hill', '39130', 'Magdeburg', 'Sachsen-Anhalt', 83, '716-543-4035', 'N', ''),
(284, 'Robinetta', 'Grayshon', 'rgrayshon7v@nasa.gov', '585 Harper Parkway', '50674', 'Köln', 'Nordrhein-Westfalen', 83, '341-677-5136', 'N', ''),
(285, 'Gaylene', 'Ferrar', 'gferrar7w@pinterest.com', '257 Longview Center', '5204', '\'s-Hertogenbosch', 'Provincie Noord-Brabant', 157, '275-952-9241', 'N', ''),
(286, 'Lucina', 'Elgey', 'lelgey7x@free.fr', '071 Sloan Road', '70374', 'Stuttgart', 'Baden-Württemberg', 83, '846-936-8875', 'N', ''),
(287, 'Annabell', 'Woollin', 'awoollin7y@ted.com', '40 Blaine Alley', 'LE14', 'Twyford', 'England', 235, '213-872-4404', 'N', ''),
(288, 'Luella', 'Bluck', 'lbluck7z@pen.io', '79 Dryden Avenue', '5249', 'Rosmalen', 'Provincie Noord-Brabant', 157, '219-495-9477', 'N', ''),
(289, 'Sheila-kathryn', 'Matissoff', 'smatissoff80@washingtonpost.com', '4 Manley Center', '80995', 'München', 'Bayern', 83, '410-319-4233', 'N', ''),
(290, 'Kendricks', 'Eddleston', 'keddleston81@google.ru', '9 Calypso Street', '5214', '\'s-Hertogenbosch', 'Provincie Noord-Brabant', 157, '785-978-9971', 'N', ''),
(291, 'Thibaut', 'Brocket', 'tbrocket82@wikipedia.org', '884 Lunder Plaza', '2409', 'Alphen aan den Rijn', 'Provincie Zuid-Holland', 157, '458-215-4181', 'N', ''),
(292, 'Loleta', 'Cowburn', 'lcowburn83@ifeng.com', '7 Dayton Street', '09123', 'Chemnitz', 'Sachsen', 83, '522-360-2290', 'N', ''),
(293, 'Victoir', 'McMennum', 'vmcmennum84@blogs.com', '49 Calypso Lane', 'LS6', 'Leeds', 'England', 235, '194-301-2277', 'N', ''),
(294, 'Nerita', 'Goschalk', 'ngoschalk85@diigo.com', '390 Annamark Avenue', 'SN13', 'Ashley', 'England', 235, '956-277-0710', 'N', ''),
(295, 'Beulah', 'Bricklebank', 'bbricklebank86@mashable.com', '80 Longview Place', '30629', 'Hannover', 'Niedersachsen', 83, '267-109-3289', 'N', ''),
(296, 'Merilyn', 'Berks', 'mberks87@chron.com', '7084 Parkside Place', '47139', 'Duisburg', 'Nordrhein-Westfalen', 83, '767-987-8573', 'N', ''),
(297, 'Daffi', 'Lupson', 'dlupson88@cpanel.net', '0 Caliangt Road', 'CT16', 'Buckland', 'England', 235, '783-166-2799', 'N', ''),
(298, 'Petronilla', 'Farn', 'pfarn89@fda.gov', '093 Mosinee Circle', '22303', 'Hamburg Winterhude', 'Hamburg', 83, '336-693-1091', 'N', ''),
(299, 'Adena', 'Eary', 'aeary8a@jugem.jp', '862 Grasskamp Trail', '3324', 'Dordrecht', 'Provincie Zuid-Holland', 157, '619-761-8250', 'N', ''),
(300, 'Abdel', 'Sebyer', 'asebyer8b@amazon.com', '702 Prairieview Trail', 'SN1', 'Swindon', 'England', 235, '915-849-0501', 'N', ''),
(301, 'Patti', 'Wilsee', 'pwilsee8c@samsung.com', '1 Jay Crossing', '6904', 'Zevenaar', 'Provincie Gelderland', 157, '989-837-8092', 'N', ''),
(302, 'Boony', 'Oxley', 'boxley8d@msn.com', '80058 Hauk Trail', '7534', 'Enschede', 'Provincie Overijssel', 157, '413-461-6177', 'N', ''),
(303, 'Karalynn', 'Rodell', 'krodell8e@google.es', '73 Sunbrook Lane', 'NR34', 'Brampton', 'England', 235, '100-134-5163', 'N', ''),
(304, 'Shandie', 'Capponeer', 'scapponeer8f@hao123.com', '749 Crescent Oaks Hill', '44869', 'Bochum', 'Nordrhein-Westfalen', 83, '538-813-0879', 'N', ''),
(305, 'Joshuah', 'Uvedale', 'juvedale8g@thetimes.co.uk', '91184 Gale Crossing', '8214', 'Lelystad', 'Provincie Flevoland', 157, '100-762-1278', 'N', ''),
(306, 'Loretta', 'Cockerton', 'lcockerton8h@wikia.com', '54142 Scofield Alley', '70190', 'Stuttgart', 'Baden-Württemberg', 83, '819-859-9226', 'N', ''),
(307, 'Rodi', 'Bolino', 'rbolino8i@businesswire.com', '155 Summit Center', '39130', 'Magdeburg', 'Sachsen-Anhalt', 83, '484-235-1245', 'N', ''),
(308, 'Camey', 'Disbrow', 'cdisbrow8j@java.com', '38580 Dorton Alley', '7554', 'Hengelo', 'Provincie Overijssel', 157, '529-575-6003', 'N', ''),
(309, 'Ashia', 'Sharp', 'asharp8k@livejournal.com', '6842 Westerfield Way', '1019', 'Amsterdam Binnenstad en Oostelijk Havengebied', 'Provincie Noord-Holland', 157, '456-291-9172', 'N', ''),
(310, 'Kalila', 'Nunes Nabarro', 'knunesnabarro8l@yale.edu', '46 Redwing Place', 'SG4', 'Langley', 'England', 235, '985-347-1871', 'N', ''),
(311, 'Kalvin', 'Kun', 'kkun8m@businessweek.com', '6 2nd Plaza', '5009', 'Tilburg', 'Provincie Noord-Brabant', 157, '211-550-7616', 'N', ''),
(312, 'Theadora', 'Twomey', 'ttwomey8n@google.es', '3925 Rockefeller Drive', '1404', 'Bussum', 'Provincie Noord-Holland', 157, '700-370-2824', 'N', ''),
(313, 'Morley', 'Blomefield', 'mblomefield8o@theatlantic.com', '9 Almo Trail', '8934', 'Leeuwarden', 'Provincie Friesland', 157, '529-921-3863', 'N', ''),
(314, 'Viviana', 'Diver', 'vdiver8p@rambler.ru', '90029 Browning Way', '12437', 'Berlin', 'Berlin', 83, '796-744-8621', 'N', ''),
(315, 'Faina', 'Gorges', 'fgorges8q@alibaba.com', '422 Donald Park', '70374', 'Stuttgart', 'Baden-Württemberg', 83, '114-429-9286', 'N', ''),
(316, 'Adelina', 'Loyd', 'aloyd8r@goodreads.com', '84959 Main Point', '21037', 'Hamburg', 'Hamburg', 83, '938-239-4385', 'N', ''),
(317, 'Judi', 'Patemore', 'jpatemore8s@wordpress.com', '299 Annamark Parkway', '51107', 'Köln', 'Nordrhein-Westfalen', 83, '750-525-8032', 'N', ''),
(318, 'Dillon', 'Caldron', 'dcaldron8t@aol.com', '87 Marcy Lane', 'S8', 'Norton', 'England', 235, '543-442-5351', 'N', ''),
(319, 'Poul', 'Jobin', 'pjobin8u@wsj.com', '70 Bay Pass', '7032', 'Mons', 'Wallonie', 22, '469-489-0257', 'N', ''),
(320, 'Artus', 'Ecclesall', 'aecclesall8v@cargocollective.com', '65 Sutherland Lane', '80804', 'München', 'Bayern', 83, '592-392-4557', 'N', ''),
(321, 'Constanta', 'Radmore', 'cradmore8w@list-manage.com', '56539 Killdeer Lane', 'WC1B', 'London', 'England', 235, '787-249-2369', 'N', ''),
(322, 'Pen', 'Dearnly', 'pdearnly8x@livejournal.com', '29 Brickson Park Pass', '2924', 'Krimpen aan den IJssel', 'Provincie Zuid-Holland', 157, '564-114-9105', 'N', ''),
(323, 'David', 'Ruoff', 'druoff8y@usa.gov', '2011 Canary Center', 'DL10', 'Whitwell', 'England', 235, '743-438-0028', 'N', ''),
(324, 'Othilie', 'Sturgess', 'osturgess8z@slashdot.org', '0 Alpine Way', '13088', 'Berlin', 'Berlin', 83, '139-142-8756', 'N', ''),
(325, 'Catharine', 'Guild', 'cguild90@netscape.com', '91358 Golf Alley', '06126', 'Halle', 'Sachsen-Anhalt', 83, '987-638-1145', 'N', ''),
(326, 'Gill', 'Swepstone', 'gswepstone91@xing.com', '65051 Prairieview Court', '09123', 'Chemnitz', 'Sachsen', 83, '856-471-7596', 'N', ''),
(327, 'Sapphira', 'Meigh', 'smeigh92@wikispaces.com', '9 Lukken Hill', '80995', 'München', 'Bayern', 83, '766-432-9732', 'N', ''),
(328, 'Jillayne', 'Vasser', 'jvasser93@nps.gov', '94 Springview Court', '22179', 'Hamburg Bramfeld', 'Hamburg', 83, '185-102-1941', 'N', ''),
(329, 'Jamison', 'McTerlagh', 'jmcterlagh94@artisteer.com', '6451 Thackeray Park', '5019', 'Tilburg', 'Provincie Noord-Brabant', 157, '458-816-9127', 'N', ''),
(330, 'Gus', 'Crooke', 'gcrooke95@slate.com', '634 Coolidge Junction', '12559', 'Berlin', 'Berlin', 83, '613-460-2675', 'N', ''),
(331, 'Barny', 'Cubbit', 'bcubbit96@mashable.com', '9 Declaration Avenue', '2614', 'Delft', 'Provincie Zuid-Holland', 157, '664-753-5043', 'N', ''),
(332, 'Melosa', 'Holehouse', 'mholehouse97@reddit.com', '0 Waywood Way', '10715', 'Berlin', 'Berlin', 83, '940-297-6038', 'N', ''),
(333, 'Odilia', 'Capewell', 'ocapewell98@ask.com', '55413 Pond Parkway', '6844', 'Arnhem', 'Provincie Gelderland', 157, '622-923-5685', 'J', ''),
(334, 'Hilary', 'Freckelton', 'hfreckelton99@blogger.com', '393 Lakewood Gardens Crossing', '97078', 'Würzburg', 'Bayern', 83, '578-657-8418', 'N', ''),
(335, 'Janos', 'Coultar', 'jcoultar9a@nifty.com', '534 Hanover Street', 'L74', 'Liverpool', 'England', 235, '904-124-0863', 'N', ''),
(336, 'Laryssa', 'Samways', 'lsamways9b@ocn.ne.jp', '38 Mccormick Lane', '1069', 'Amsterdam Nieuw West', 'Provincie Noord-Holland', 157, '941-273-1518', 'N', ''),
(337, 'Eugenio', 'Poone', 'epoone9c@gov.uk', '1724 Victoria Pass', '2029', 'Haarlem', 'Provincie Noord-Holland', 157, '788-765-4806', 'N', ''),
(338, 'Oriana', 'Hobbing', 'ohobbing9d@skyrock.com', '51990 Crescent Oaks Parkway', '63456', 'Hanau', 'Hessen', 83, '855-529-9687', 'N', ''),
(339, 'Durward', 'Downing', 'ddowning9e@trellian.com', '1 Duke Avenue', 'DT10', 'Kingston', 'England', 235, '238-488-0202', 'N', ''),
(340, 'Ollie', 'Yurchishin', 'oyurchishin9f@xing.com', '03137 Novick Parkway', '21037', 'Hamburg', 'Hamburg', 83, '140-428-7405', 'N', ''),
(341, 'Sigmund', 'Treversh', 'streversh9g@amazon.de', '5302 Ridge Oak Street', '6042', 'Charleroi', 'Wallonie', 22, '583-845-1848', 'N', ''),
(342, 'Joseito', 'Dulson', 'jdulson9h@vistaprint.com', '3507 Mandrake Crossing', 'SN13', 'Ashley', 'England', 235, '358-877-2882', 'N', ''),
(343, 'Cristian', 'Ephgrave', 'cephgrave9i@symantec.com', '95 Chinook Lane', 'BS14', 'Whitchurch', 'England', 235, '345-718-4263', 'N', ''),
(344, 'Ginevra', 'Erb', 'gerb9j@eepurl.com', '821 Stuart Junction', '90451', 'Nürnberg', 'Bayern', 83, '706-663-4337', 'N', ''),
(345, 'Christophe', 'Pakenham', 'cpakenham9k@pbs.org', '5 Warner Center', '5100', 'Namur', 'Wallonie', 22, '460-587-6524', 'N', ''),
(346, 'Jacquie', 'Teasdale-Markie', 'jteasdalemarkie9l@usatoday.com', '87 8th Drive', 'OX7', 'Dean', 'England', 235, '317-107-2374', 'N', ''),
(347, 'Alfy', 'Whitcomb', 'awhitcomb9m@a8.net', '98 Larry Trail', '3805', 'Amersfoort', 'Provincie Utrecht', 157, '208-657-3823', 'N', ''),
(348, 'Weidar', 'McPheat', 'wmcpheat9n@newsvine.com', '94616 Nelson Alley', '3530', 'Utrecht (stad)', 'Provincie Utrecht', 157, '372-795-6222', 'N', ''),
(349, 'Allan', 'Fermor', 'afermor9o@etsy.com', '7 Bartelt Alley', '12683', 'Berlin', 'Berlin', 83, '453-585-4932', 'N', ''),
(350, 'Sheff', 'Lambert', 'slambert9p@google.co.jp', '6205 Sugar Center', 'CV35', 'Hatton', 'England', 235, '905-653-1091', 'N', ''),
(351, 'Berry', 'Bonevant', 'bbonevant9q@discuz.net', '67884 Garrison Junction', '2629', 'Delft', 'Provincie Zuid-Holland', 157, '118-335-0190', 'N', '');
INSERT INTO `client` (`id`, `first_name`, `last_name`, `email`, `adress`, `zipcode`, `city`, `state`, `country`, `telephone`, `isadmin`, `pswrd`) VALUES
(352, 'Josee', 'Gally', 'jgally9r@virginia.edu', '92 Tennessee Hill', 'BS41', 'Bristol', 'England', 235, '834-407-6401', 'N', ''),
(353, 'Halli', 'Poxon', 'hpoxon9s@hc360.com', '41 Garrison Terrace', '1069', 'Amsterdam Nieuw West', 'Provincie Noord-Holland', 157, '346-171-2476', 'N', ''),
(354, 'Fran', 'MacDougall', 'fmacdougall9t@springer.com', '87100 Sunfield Parkway', '5684', 'Best', 'Provincie Noord-Brabant', 157, '618-285-7889', 'N', ''),
(355, 'Lianna', 'Vannini', 'lvannini9u@boston.com', '028 Sycamore Junction', '50674', 'Köln', 'Nordrhein-Westfalen', 83, '308-569-8774', 'N', ''),
(356, 'Sanderson', 'Broadhurst', 'sbroadhurst9v@wsj.com', '98601 Judy Plaza', '5349', 'Oss', 'Provincie Noord-Brabant', 157, '295-120-7686', 'N', ''),
(357, 'Natty', 'Stansall', 'nstansall9w@slate.com', '43006 Bellgrove Circle', 'DN22', 'Eaton', 'England', 235, '860-866-5699', 'N', ''),
(358, 'Nahum', 'Houseago', 'nhouseago9x@so-net.ne.jp', '243 Armistice Alley', '55124', 'Mainz', 'Rheinland-Pfalz', 83, '249-892-2656', 'N', ''),
(359, 'Reg', 'Coggan', 'rcoggan9y@histats.com', '961 Melrose Park', '3104', 'Schiedam postbusnummers', 'Provincie Zuid-Holland', 157, '985-893-5707', 'N', ''),
(360, 'Ethelred', 'Cashen', 'ecashen9z@typepad.com', '29463 Waubesa Park', '13409', 'Berlin', 'Berlin', 83, '427-638-6073', 'N', ''),
(361, 'Sayre', 'Woodcroft', 'swoodcrofta0@archive.org', '12 Doe Crossing Alley', '2624', 'Delft', 'Provincie Zuid-Holland', 157, '342-806-2857', 'N', ''),
(362, 'Saunders', 'Heading', 'sheadinga1@mediafire.com', '170 Jenna Alley', 'KW10', 'Kirkton', 'Scotland', 235, '385-505-6958', 'N', ''),
(363, 'Merl', 'Edmand', 'medmanda2@msn.com', '89 Hoepker Lane', '4609', 'Bergen op Zoom', 'Provincie Noord-Brabant', 157, '749-259-9044', 'N', ''),
(364, 'Kiley', 'Goodban', 'kgoodbana3@simplemachines.org', '1 Schlimgen Point', '20249', 'Hamburg', 'Hamburg', 83, '534-213-2075', 'N', ''),
(365, 'Thorn', 'Lemary', 'tlemarya4@w3.org', '5 Bunting Parkway', '9674', 'Winschoten', 'Provincie Groningen', 157, '367-920-5725', 'N', ''),
(366, 'Zelda', 'Sandey', 'zsandeya5@photobucket.com', '8014 Ridgeview Circle', '3844', 'Harderwijk', 'Provincie Gelderland', 157, '335-355-0016', 'N', ''),
(367, 'Roldan', 'Braikenridge', 'rbraikenridgea6@cafepress.com', '838 Mccormick Park', '24118', 'Kiel', 'Schleswig-Holstein', 83, '543-483-2034', 'N', ''),
(368, 'Marabel', 'Blew', 'mblewa7@smugmug.com', '4 Delaware Junction', '42285', 'Wuppertal', 'Nordrhein-Westfalen', 83, '325-917-6104', 'N', ''),
(369, 'Roselin', 'McKenney', 'rmckenneya8@github.com', '5 Sutherland Street', 'DT10', 'Kingston', 'England', 235, '144-814-5037', 'N', ''),
(370, 'Thekla', 'Tampling', 'ttamplinga9@joomla.org', '37697 Mayer Point', '2309', 'Leiden', 'Provincie Zuid-Holland', 157, '641-985-8046', 'N', ''),
(371, 'Davey', 'De La Haye', 'ddelahayeaa@list-manage.com', '2756 Blue Bill Park Hill', '3560', 'Utrecht (stad)', 'Provincie Utrecht', 157, '427-156-0700', 'N', ''),
(372, 'Currie', 'Goter', 'cgoterab@fastcompany.com', '88 Parkside Trail', '22559', 'Hamburg', 'Hamburg', 83, '140-781-2643', 'N', ''),
(373, 'Irena', 'Pithie', 'ipithieac@wunderground.com', '2249 Gulseth Place', '81373', 'München', 'Bayern', 83, '106-906-1867', 'N', ''),
(374, 'Burnaby', 'Broun', 'bbrounad@instagram.com', '91 Lawn Junction', '12559', 'Berlin', 'Berlin', 83, '597-721-5704', 'N', ''),
(375, 'Hendrick', 'Hulmes', 'hhulmesae@ebay.com', '26 Banding Terrace', 'CV35', 'Walton', 'England', 235, '812-173-1585', 'N', ''),
(376, 'Adina', 'Barracks', 'abarracksaf@shinystat.com', '4574 Susan Trail', '14109', 'Berlin', 'Berlin', 83, '507-412-5118', 'N', ''),
(377, 'Dev', 'Sifleet', 'dsifleetag@tumblr.com', '32 Debs Crossing', '6539', 'Nijmegen', 'Provincie Gelderland', 157, '638-746-3932', 'N', ''),
(378, 'Ellsworth', 'Narup', 'enarupah@hud.gov', '7306 Haas Drive', '6814', 'Arnhem', 'Provincie Gelderland', 157, '552-678-7955', 'N', ''),
(379, 'Esdras', 'Blackater', 'eblackaterai@discuz.net', '16428 Thackeray Street', 'DL8', 'Carlton', 'England', 235, '485-276-3822', 'N', ''),
(380, 'Joachim', 'Christall', 'jchristallaj@sohu.com', '6058 Cardinal Hill', '7409', 'Deventer', 'Provincie Overijssel', 157, '644-212-4362', 'N', ''),
(381, 'Seumas', 'Hofler', 'shoflerak@issuu.com', '69 Messerschmidt Plaza', '3994', 'Houten', 'Provincie Utrecht', 157, '727-563-8686', 'N', ''),
(382, 'Malina', 'Bineham', 'mbinehamal@google.co.jp', '851 Pawling Center', '5629', 'Eindhoven', 'Provincie Noord-Brabant', 157, '642-189-5137', 'N', ''),
(383, 'Haily', 'Johananov', 'hjohananovam@gnu.org', '9 Jana Plaza', '5249', 'Rosmalen', 'Provincie Noord-Brabant', 157, '967-383-8034', 'N', ''),
(384, 'Marlin', 'O\'Cassidy', 'mocassidyan@apache.org', '34 8th Circle', '8264', 'Kampen (Overijssel)', 'Provincie Flevoland', 157, '461-522-2653', 'N', ''),
(385, 'James', 'Dicey', 'jdiceyao@nytimes.com', '84 Rutledge Parkway', '6042', 'Charleroi', 'Wallonie', 22, '101-108-4227', 'N', ''),
(386, 'Corissa', 'Burgon', 'cburgonap@uiuc.edu', '813 Northland Alley', 'DN22', 'Eaton', 'England', 235, '592-214-1020', 'N', ''),
(387, 'Louise', 'Fellgatt', 'lfellgattaq@issuu.com', '513 Mockingbird Terrace', '7823', 'Ath', 'Wallonie', 22, '547-742-0099', 'N', ''),
(388, 'Tim', 'Coleshill', 'tcoleshillar@washingtonpost.com', '70 5th Terrace', '44269', 'Dortmund', 'Nordrhein-Westfalen', 83, '993-574-2688', 'N', ''),
(389, 'Salomi', 'Scougal', 'sscougalas@patch.com', '968 Blaine Court', '7823', 'Ath', 'Wallonie', 22, '261-826-0462', 'N', ''),
(390, 'Zebedee', 'Gilluley', 'zgilluleyat@who.int', '2269 Dahle Hill', '5249', 'Rosmalen', 'Provincie Noord-Brabant', 157, '688-483-8851', 'N', ''),
(391, 'Ody', 'Trenear', 'otrenearau@tripadvisor.com', '2 Katie Center', '40489', 'Düsseldorf', 'Nordrhein-Westfalen', 83, '672-861-8732', 'N', ''),
(392, 'Katherina', 'Mullan', 'kmullanav@epa.gov', '190 Nevada Pass', 'BT2', 'Belfast', 'Northern Ireland', 235, '709-836-7497', 'N', ''),
(393, 'Trevor', 'Woodhall', 'twoodhallaw@posterous.com', '4993 Hovde Court', '30453', 'Hannover', 'Niedersachsen', 83, '744-975-8943', 'N', ''),
(394, 'Justina', 'Langcastle', 'jlangcastleax@noaa.gov', '72462 Troy Junction', '1974', 'IJmuiden', 'Provincie Noord-Holland', 157, '854-461-3076', 'N', ''),
(395, 'Leila', 'Egan', 'leganay@japanpost.jp', '4603 Annamark Point', '3439', 'Nieuwegein', 'Provincie Utrecht', 157, '390-772-7729', 'N', ''),
(396, 'Florian', 'Tordoff', 'ftordoffaz@zdnet.com', '897 Ronald Regan Drive', '60435', 'Frankfurt am Main', 'Hessen', 83, '430-739-7691', 'N', ''),
(397, 'Midge', 'Tabrett', 'mtabrettb0@sciencedaily.com', '6 Hintze Road', '6519', 'Nijmegen', 'Provincie Gelderland', 157, '210-197-3603', 'N', ''),
(398, 'Dody', 'Geertje', 'dgeertjeb1@chicagotribune.com', '32 Elmside Alley', '7534', 'Enschede', 'Provincie Overijssel', 157, '847-481-5884', 'N', ''),
(399, 'Winni', 'Kitney', 'wkitneyb2@theglobeandmail.com', '32783 Mockingbird Street', '2924', 'Krimpen aan den IJssel', 'Provincie Zuid-Holland', 157, '345-406-8445', 'N', ''),
(400, 'Maegan', 'Downton', 'mdowntonb3@buzzfeed.com', '39 Anderson Trail', 'LS9', 'Halton', 'England', 235, '493-732-7114', 'N', ''),
(401, 'Emmery', 'Dresche', 'edrescheb4@alibaba.com', '71755 Doe Crossing Park', '37217', 'Witzenhausen', 'Hessen', 83, '361-250-8971', 'N', ''),
(402, 'Olive', 'Hearson', 'ohearsonb5@marketwatch.com', '456 Eagle Crest Hill', '3104', 'Schiedam postbusnummers', 'Provincie Zuid-Holland', 157, '623-763-9272', 'N', ''),
(403, 'Sharlene', 'Chesshyre', 'schesshyreb6@slideshare.net', '86393 Spenser Parkway', '3094', 'Rotterdam', 'Provincie Zuid-Holland', 157, '467-915-2692', 'N', ''),
(404, 'Cassy', 'Tombs', 'ctombsb7@hexun.com', '91 Carberry Terrace', 'CV35', 'Walton', 'England', 235, '689-847-5977', 'N', ''),
(405, 'Gabie', 'Muspratt', 'gmusprattb8@example.com', '037 Riverside Parkway', '70567', 'Stuttgart', 'Baden-Württemberg', 83, '278-240-1270', 'N', ''),
(406, 'Loren', 'Antrum', 'lantrumb9@mac.com', '6162 New Castle Park', '40215', 'Düsseldorf', 'Nordrhein-Westfalen', 83, '467-460-8775', 'N', ''),
(407, 'Heath', 'Pering', 'hperingba@marketwatch.com', '62153 Crescent Oaks Point', '5204', '\'s-Hertogenbosch', 'Provincie Noord-Brabant', 157, '244-190-1766', 'N', ''),
(408, 'Kyla', 'Gibberd', 'kgibberdbb@ucsd.edu', '1 Marcy Hill', 'SG4', 'Langley', 'England', 235, '588-515-3426', 'N', ''),
(409, 'Malissia', 'Guild', 'mguildbc@house.gov', '788 Texas Drive', 'WF9', 'Upton', 'England', 235, '978-565-7207', 'N', ''),
(410, 'Margery', 'Garralts', 'mgarraltsbd@delicious.com', '10 Larry Park', '2264', 'Leidschendam', 'Provincie Zuid-Holland', 157, '692-281-5268', 'N', ''),
(411, 'Jordana', 'Enden', 'jendenbe@hubpages.com', '7885 Sheridan Crossing', '30453', 'Hannover', 'Niedersachsen', 83, '133-512-1422', 'N', ''),
(412, 'Tremain', 'MacAlester', 'tmacalesterbf@tamu.edu', '0161 Little Fleur Center', '09123', 'Chemnitz', 'Sachsen', 83, '622-679-0689', 'N', ''),
(413, 'Muhammad', 'Bilney', 'mbilneybg@ucoz.ru', '074 Eliot Street', 'TF6', 'Aston', 'England', 235, '611-436-1528', 'N', ''),
(414, 'Davita', 'Merigeau', 'dmerigeaubh@acquirethisname.com', '984 Vera Road', '70190', 'Stuttgart', 'Baden-Württemberg', 83, '220-193-4493', 'N', ''),
(415, 'Fifi', 'Thomtson', 'fthomtsonbi@ehow.com', '16902 Helena Plaza', '52080', 'Aachen', 'Nordrhein-Westfalen', 83, '830-933-8397', 'N', ''),
(416, 'Matilde', 'Paye', 'mpayebj@examiner.com', '91 North Point', '6844', 'Arnhem', 'Provincie Gelderland', 157, '826-911-0020', 'N', ''),
(417, 'Ilka', 'Summerhayes', 'isummerhayesbk@g.co', '15046 Sutteridge Street', '20249', 'Hamburg Harvestehude', 'Hamburg', 83, '822-982-1672', 'N', ''),
(418, 'Elenore', 'Muris', 'emurisbl@bigcartel.com', '45 Stone Corner Alley', '81543', 'München', 'Bayern', 83, '691-960-7349', 'N', ''),
(419, 'Sig', 'Agneau', 'sagneaubm@godaddy.com', '494 Jenifer Trail', '2029', 'Haarlem', 'Provincie Noord-Holland', 157, '228-503-1973', 'N', ''),
(420, 'Karlie', 'Battill', 'kbattillbn@sciencedaily.com', '41 Del Mar Court', '35687', 'Dillenburg', 'Hessen', 83, '284-165-6574', 'J', ''),
(421, 'Kenon', 'Edmenson', 'kedmensonbo@sciencedaily.com', '953 Toban Road', '22111', 'Hamburg', 'Hamburg', 83, '330-878-6014', 'N', ''),
(422, 'Orson', 'Oliff', 'ooliffbp@github.io', '74 Sugar Junction', '6824', 'Arnhem', 'Provincie Gelderland', 157, '425-708-7878', 'N', ''),
(423, 'Dorolice', 'Grebbin', 'dgrebbinbq@tripadvisor.com', '3661 Mallard Alley', '7909', 'Hoogeveen', 'Provincie Drenthe', 157, '867-293-4237', 'N', ''),
(424, 'Yelena', 'Skace', 'yskacebr@ezinearticles.com', '19856 Badeau Circle', '6844', 'Arnhem', 'Provincie Gelderland', 157, '453-803-4988', 'N', ''),
(425, 'Cora', 'Salzen', 'csalzenbs@ehow.com', '25088 Nova Plaza', '3899', 'Zeewolde', 'Provincie Flevoland', 157, '123-992-9827', 'N', '');

-- --------------------------------------------------------

--
-- Tabelstructuur voor tabel `country`
--

DROP TABLE IF EXISTS `country`;
CREATE TABLE IF NOT EXISTS `country` (
  `idcountry` int NOT NULL AUTO_INCREMENT,
  `name` varchar(45) NOT NULL,
  `code` varchar(3) NOT NULL,
  PRIMARY KEY (`idcountry`)
) ENGINE=InnoDB AUTO_INCREMENT=250 DEFAULT CHARSET=utf8mb3;

--
-- Gegevens worden geëxporteerd voor tabel `country`
--

INSERT INTO `country` (`idcountry`, `name`, `code`) VALUES
(1, 'Afghanistan', 'AF'),
(2, 'Aland Islands', 'AX'),
(3, 'Albania', 'AL'),
(4, 'Algeria', 'DZ'),
(5, 'American Samoa', 'AS'),
(6, 'Andorra', 'AD'),
(7, 'Angola', 'AO'),
(8, 'Anguilla', 'AI'),
(9, 'Antarctica', 'AQ'),
(10, 'Antigua and Barbuda', 'AG'),
(11, 'Argentina', 'AR'),
(12, 'Armenia', 'AM'),
(13, 'Aruba', 'AW'),
(14, 'Australia', 'AU'),
(15, 'Austria', 'AT'),
(16, 'Azerbaijan', 'AZ'),
(17, 'Bahamas', 'BS'),
(18, 'Bahrain', 'BH'),
(19, 'Bangladesh', 'BD'),
(20, 'Barbados', 'BB'),
(21, 'Belarus', 'BY'),
(22, 'Belgium', 'BE'),
(23, 'Belize', 'BZ'),
(24, 'Benin', 'BJ'),
(25, 'Bermuda', 'BM'),
(26, 'Bhutan', 'BT'),
(27, 'Bolivia, Plurinational State of', 'BO'),
(28, 'Bonaire, Sint Eustatius and Saba', 'BQ'),
(29, 'Bosnia and Herzegovina', 'BA'),
(30, 'Botswana', 'BW'),
(31, 'Bouvet Island', 'BV'),
(32, 'Brazil', 'BR'),
(33, 'British Indian Ocean Territory', 'IO'),
(34, 'Brunei Darussalam', 'BN'),
(35, 'Bulgaria', 'BG'),
(36, 'Burkina Faso', 'BF'),
(37, 'Burundi', 'BI'),
(38, 'Cambodia', 'KH'),
(39, 'Cameroon', 'CM'),
(40, 'Canada', 'CA'),
(41, 'Cape Verde', 'CV'),
(42, 'Cayman Islands', 'KY'),
(43, 'Central African Republic', 'CF'),
(44, 'Chad', 'TD'),
(45, 'Chile', 'CL'),
(46, 'China', 'CN'),
(47, 'Christmas Island', 'CX'),
(48, 'Cocos (Keeling) Islands', 'CC'),
(49, 'Colombia', 'CO'),
(50, 'Comoros', 'KM'),
(51, 'Congo', 'CG'),
(52, 'Congo, the Democratic Republic of the', 'CD'),
(53, 'Cook Islands', 'CK'),
(54, 'Costa Rica', 'CR'),
(55, 'Côte d\'Ivoire', 'CI'),
(56, 'Croatia', 'HR'),
(57, 'Cuba', 'CU'),
(58, 'Curacao', 'CW'),
(59, 'Cyprus', 'CY'),
(60, 'Czech Republic', 'CZ'),
(61, 'Denmark', 'DK'),
(62, 'Djibouti', 'DJ'),
(63, 'Dominica', 'DM'),
(64, 'Dominican Republic', 'DO'),
(65, 'Ecuador', 'EC'),
(66, 'Egypt', 'EG'),
(67, 'El Salvador', 'SV'),
(68, 'Equatorial Guinea', 'GQ'),
(69, 'Eritrea', 'ER'),
(70, 'Estonia', 'EE'),
(71, 'Ethiopia', 'ET'),
(72, 'Falkland Islands (Malvinas)', 'FK'),
(73, 'Faroe Islands', 'FO'),
(74, 'Fiji', 'FJ'),
(75, 'Finland', 'FI'),
(76, 'France', 'FR'),
(77, 'French Guiana', 'GF'),
(78, 'French Polynesia', 'PF'),
(79, 'French Southern Territories', 'TF'),
(80, 'Gabon', 'GA'),
(81, 'Gambia', 'GM'),
(82, 'Georgia', 'GE'),
(83, 'Germany', 'DE'),
(84, 'Ghana', 'GH'),
(85, 'Gibraltar', 'GI'),
(86, 'Greece', 'GR'),
(87, 'Greenland', 'GL'),
(88, 'Grenada', 'GD'),
(89, 'Guadeloupe', 'GP'),
(90, 'Guam', 'GU'),
(91, 'Guatemala', 'GT'),
(92, 'Guernsey', 'GG'),
(93, 'Guinea', 'GN'),
(94, 'Guinea-Bissau', 'GW'),
(95, 'Guyana', 'GY'),
(96, 'Haiti', 'HT'),
(97, 'Heard Island and McDonald Islands', 'HM'),
(98, 'Holy See (Vatican City State)', 'VA'),
(99, 'Honduras', 'HN'),
(100, 'Hong Kong', 'HK'),
(101, 'Hungary', 'HU'),
(102, 'Iceland', 'IS'),
(103, 'India', 'IN'),
(104, 'Indonesia', 'ID'),
(105, 'Iran, Islamic Republic of', 'IR'),
(106, 'Iraq', 'IQ'),
(107, 'Ireland', 'IE'),
(108, 'Isle of Man', 'IM'),
(109, 'Israel', 'IL'),
(110, 'Italy', 'IT'),
(111, 'Jamaica', 'JM'),
(112, 'Japan', 'JP'),
(113, 'Jersey', 'JE'),
(114, 'Jordan', 'JO'),
(115, 'Kazakhstan', 'KZ'),
(116, 'Kenya', 'KE'),
(117, 'Kiribati', 'KI'),
(118, 'Korea, Democratic People\'s Republic of', 'KP'),
(119, 'Korea, Republic of', 'KR'),
(120, 'Kuwait', 'KW'),
(121, 'Kyrgyzstan', 'KG'),
(122, 'Lao People\'s Democratic Republic', 'LA'),
(123, 'Latvia', 'LV'),
(124, 'Lebanon', 'LB'),
(125, 'Lesotho', 'LS'),
(126, 'Liberia', 'LR'),
(127, 'Libya', 'LY'),
(128, 'Liechtenstein', 'LI'),
(129, 'Lithuania', 'LT'),
(130, 'Luxembourg', 'LU'),
(131, 'Macao', 'MO'),
(132, 'Macedonia, the Former Yugoslav Republic of', 'MK'),
(133, 'Madagascar', 'MG'),
(134, 'Malawi', 'MW'),
(135, 'Malaysia', 'MY'),
(136, 'Maldives', 'MV'),
(137, 'Mali', 'ML'),
(138, 'Malta', 'MT'),
(139, 'Marshall Islands', 'MH'),
(140, 'Martinique', 'MQ'),
(141, 'Mauritania', 'MR'),
(142, 'Mauritius', 'MU'),
(143, 'Mayotte', 'YT'),
(144, 'Mexico', 'MX'),
(145, 'Micronesia, Federated States of', 'FM'),
(146, 'Moldova, Republic of', 'MD'),
(147, 'Monaco', 'MC'),
(148, 'Mongolia', 'MN'),
(149, 'Montenegro', 'ME'),
(150, 'Montserrat', 'MS'),
(151, 'Morocco', 'MA'),
(152, 'Mozambique', 'MZ'),
(153, 'Myanmar', 'MM'),
(154, 'Namibia', 'NA'),
(155, 'Nauru', 'NR'),
(156, 'Nepal', 'NP'),
(157, 'Netherlands', 'NL'),
(158, 'New Caledonia', 'NC'),
(159, 'New Zealand', 'NZ'),
(160, 'Nicaragua', 'NI'),
(161, 'Niger', 'NE'),
(162, 'Nigeria', 'NG'),
(163, 'Niue', 'NU'),
(164, 'Norfolk Island', 'NF'),
(165, 'Northern Mariana Islands', 'MP'),
(166, 'Norway', 'NO'),
(167, 'Oman', 'OM'),
(168, 'Pakistan', 'PK'),
(169, 'Palau', 'PW'),
(170, 'Palestine, State of', 'PS'),
(171, 'Panama', 'PA'),
(172, 'Papua New Guinea', 'PG'),
(173, 'Paraguay', 'PY'),
(174, 'Peru', 'PE'),
(175, 'Philippines', 'PH'),
(176, 'Pitcairn', 'PN'),
(177, 'Poland', 'PL'),
(178, 'Portugal', 'PT'),
(179, 'Puerto Rico', 'PR'),
(180, 'Qatar', 'QA'),
(181, 'Réunion', 'RE'),
(182, 'Romania', 'RO'),
(183, 'Russian Federation', 'RU'),
(184, 'Rwanda', 'RW'),
(185, 'Saint Barthélemy', 'BL'),
(186, 'Saint Helena, Ascension and Tristan da Cunha', 'SH'),
(187, 'Saint Kitts and Nevis', 'KN'),
(188, 'Saint Lucia', 'LC'),
(189, 'Saint Martin (French part)', 'MF'),
(190, 'Saint Pierre and Miquelon', 'PM'),
(191, 'Saint Vincent and the Grenadines', 'VC'),
(192, 'Samoa', 'WS'),
(193, 'San Marino', 'SM'),
(194, 'Sao Tome and Principe', 'ST'),
(195, 'Saudi Arabia', 'SA'),
(196, 'Senegal', 'SN'),
(197, 'Serbia', 'RS'),
(198, 'Seychelles', 'SC'),
(199, 'Sierra Leone', 'SL'),
(200, 'Singapore', 'SG'),
(201, 'Sint Maarten (Dutch part)', 'SX'),
(202, 'Slovakia', 'SK'),
(203, 'Slovenia', 'SI'),
(204, 'Solomon Islands', 'SB'),
(205, 'Somalia', 'SO'),
(206, 'South Africa', 'ZA'),
(207, 'South Georgia and the South Sandwich Islands', 'GS'),
(208, 'South Sudan', 'SS'),
(209, 'Spain', 'ES'),
(210, 'Sri Lanka', 'LK'),
(211, 'Sudan', 'SD'),
(212, 'Suriname', 'SR'),
(213, 'Svalbard and Jan Mayen', 'SJ'),
(214, 'Swaziland', 'SZ'),
(215, 'Sweden', 'SE'),
(216, 'Switzerland', 'CH'),
(217, 'Syrian Arab Republic', 'SY'),
(218, 'Taiwan, Province of China', 'TW'),
(219, 'Tajikistan', 'TJ'),
(220, 'Tanzania, United Republic of', 'TZ'),
(221, 'Thailand', 'TH'),
(222, 'Timor-Leste', 'TL'),
(223, 'Togo', 'TG'),
(224, 'Tokelau', 'TK'),
(225, 'Tonga', 'TO'),
(226, 'Trinidad and Tobago', 'TT'),
(227, 'Tunisia', 'TN'),
(228, 'Turkey', 'TR'),
(229, 'Turkmenistan', 'TM'),
(230, 'Turks and Caicos Islands', 'TC'),
(231, 'Tuvalu', 'TV'),
(232, 'Uganda', 'UG'),
(233, 'Ukraine', 'UA'),
(234, 'United Arab Emirates', 'AE'),
(235, 'United Kingdom', 'GB'),
(236, 'United States', 'US'),
(237, 'United States Minor Outlying Islands', 'UM'),
(238, 'Uruguay', 'UY'),
(239, 'Uzbekistan', 'UZ'),
(240, 'Vanuatu', 'VU'),
(241, 'Venezuela, Bolivarian Republic of', 'VE'),
(242, 'Viet Nam', 'VN'),
(243, 'Virgin Islands, British', 'VG'),
(244, 'Virgin Islands, U.S.', 'VI'),
(245, 'Wallis and Futuna', 'WF'),
(246, 'Western Sahara', 'EH'),
(247, 'Yemen', 'YE'),
(248, 'Zambia', 'ZM'),
(249, 'Zimbabwe', 'ZW');

-- --------------------------------------------------------

--
-- Tabelstructuur voor tabel `product`
--

DROP TABLE IF EXISTS `product`;
CREATE TABLE IF NOT EXISTS `product` (
  `ID` int NOT NULL AUTO_INCREMENT,
  `productname` varchar(65) COLLATE utf8mb4_general_ci NOT NULL,
  `ingredients` varchar(60) COLLATE utf8mb4_general_ci NOT NULL,
  `allergens` varchar(55) COLLATE utf8mb4_general_ci NOT NULL,
  `price` decimal(4,2) NOT NULL,
  `categoryid` int NOT NULL,
  `supplierid` int NOT NULL,
  `isactive` varchar(1) COLLATE utf8mb4_general_ci NOT NULL DEFAULT 'J',
  PRIMARY KEY (`ID`)
) ENGINE=InnoDB AUTO_INCREMENT=105 DEFAULT CHARSET=utf8mb4 COLLATE=utf8mb4_general_ci;

--
-- Gegevens worden geëxporteerd voor tabel `product`
--

INSERT INTO `product` (`ID`, `productname`, `ingredients`, `allergens`, `price`, `categoryid`, `supplierid`, `isactive`) VALUES
(2, 'Goudeerlijk boterbollen', '', '', 0.53, 9, 2, 'J'),
(3, 'Baguettes rustiek wit', '', '0.81', 2.75, 5, 3, 'J'),
(4, 'bolletjes (10 stuks)', '', '', 1.38, 11, 3, 'J'),
(5, 'Kaas ui broodje', '', '', 0.69, 9, 4, 'J'),
(6, 'Rozijnenbollen (4 stuks)', '', '', 2.37, 7, 4, 'J'),
(7, 'Volk meergranenbollen (4 stuks)', '', '', 2.18, 3, 4, 'J'),
(8, 'Desem grof volkoren', '', '', 3.83, 8, 5, 'J'),
(9, 'Naan brood naturel', '', '', 4.44, 5, 5, 'J'),
(10, 'Woudkorn', '', '', 4.31, 2, 5, 'N'),
(11, 'Bakkers brood lange vers', '', '', 2.89, 2, 6, 'J'),
(12, 'Chocolade broodjes', '', '', 0.41, 1, 7, 'J'),
(13, 'Gluten free raisin buns (4 stuks)', '', '', 6.83, 7, 7, 'J'),
(14, 'Witte bollen (8 stuks)', '', '', 2.84, 11, 7, 'J'),
(15, 'Tiramisu', '', '', 4.38, 1, 9, 'J'),
(16, 'Triangels licht meergranen (3 stuks)', '', '', 3.71, 9, 9, 'J'),
(17, 'Baguettes rustiek wit', '', '', 1.26, 4, 10, 'J'),
(18, 'Eiwitrijke broodjes (6 stuks)', '', '', 3.87, 9, 10, 'J'),
(19, 'Pompoen broodje', '', '', 0.91, 9, 11, 'J'),
(20, 'Robuust Brood', '', '', 4.62, 2, 11, 'N'),
(21, 'Aarbeienschnitte', '', '', 5.31, 1, 12, 'J'),
(22, 'Robber brood', '', '', 4.66, 2, 12, 'J'),
(23, 'Volkorenbrood heel, Zaans grofvolkoren', '', '', 3.97, 2, 13, 'J'),
(24, 'Glutenvrij Brood', '', '', 5.56, 8, 14, 'J'),
(25, 'Bollen wit (8 stuks)', '', '', 2.49, 11, 15, 'J'),
(26, 'Spelt pistolets (10 stuks)', '', '', 3.99, 3, 16, 'J'),
(27, 'Zaans wit brood', '', '', 3.84, 10, 16, 'J'),
(28, 'Donker meerzaden gluten-vrij brood', '', '', 4.37, 2, 18, 'J'),
(29, 'Meergranenbollen (4 stuks)', '', '', 3.08, 3, 18, 'N'),
(30, 'Brood met rozijnen en krenten', '', '', 5.27, 6, 20, 'J'),
(31, 'Ciabatta broodjes (4 stuks)', '', '', 3.22, 4, 21, 'J'),
(32, 'Roombroodje', '', '', 1.17, 1, 21, 'J'),
(33, 'tompouce', '', '', 2.38, 1, 21, 'J'),
(34, 'Abrikozencakejes', '', '', 8.06, 1, 22, 'J'),
(35, 'Brood pitten en zaden', '', '', 4.86, 6, 22, 'J'),
(36, 'Roggebrood', '', '', 4.82, 8, 22, 'J'),
(37, 'Chocolava crumble', '', '', 19.45, 1, 23, 'J'),
(38, 'Stroopwafels', '_tarwe_ bloem, 29% glucose-fructosestroop, 14% _roomboter_, ', 'Gluten, Soja, Roomboter', 3.98, 1, 15, 'J'),
(39, 'Ciabatta brood', '_TARWE_bloem, water, olijfolie, gist, gejodeerd zout, ge?nac', 'Gluten', 3.59, 5, 22, 'J'),
(40, 'Roomboter Karamel Stroopwafel', '_tarwebloem_, 29% glucose-fructosestroop, 25% _roomboter_, s', 'Gluten, Melk, Soja, de:roomboter, de:sojabloem, de:tarw', 6.39, 1, 21, 'J'),
(41, 'Stroop Wafels, Minder Suiker', '_tarwebloem_, voedingsvezel (oligofructose), 17% _roomboter_', 'Eieren, Gluten, Melk, Soja, de:roomboter, de:sojabloem,', 11.01, 1, 5, 'J'),
(42, 'Witte Pistolet', '_tarwebloem_, water, gist, gejodeerd zout, gedevitaliseerd g', 'Gluten, Tarwekiemzuurdeeg', 0.54, 11, 7, 'J'),
(43, 'Bruin brood', '_volkorentarwemeel\'_, water, _gluten_ (_tarwe\'_), moutmeel (', 'Gluten, Sesamzaad', 3.85, 2, 3, 'N'),
(44, 'Volkoren puntjes (10 stuks)', '_volkorenTARWEmeel_, water, bakkersgist, _TARWEGLUTEN_, dext', 'Gluten, Melk, TARWEGLUTEN', 3.04, 3, 21, 'J'),
(45, 'Mehrkorn brood', '36% tarwebloem, water, 16 % roggebloem 4,5% lijnzaad, 4% pom', 'Gluten, Soja', 3.91, 2, 23, 'J'),
(46, 'Stroopwafels', '38% glucose-fructosestroop, tarwebloem, plantaardig vet (pal', 'Eieren, Gluten, Melk, Soja', 4.77, 1, 1, 'J'),
(47, 'Rozijnen krenten brood', '38% tarwebloem, 30,3% Tozijnen, water, 6,6% krenten, tarwegl', 'Gluten, Melk', 5.09, 6, 19, 'J'),
(48, 'Bossche bollen', '41% room, suiker, scharrelei, plantaardige olie [zonnebloem,', 'Eieren, Melk, Soja', 3.83, 1, 24, 'J'),
(49, 'Bruine tarwebollen', '42% VOLKORENTARWEMEEL, water, 19% TARWEBLOEM, bakkersgist,\r\n', 'Gluten, Melk', 3.17, 3, 4, 'J'),
(50, 'liefde en passie volkoren brood', '50% volkoren TARWEmeel, water, tarwegluten,  tarwedesem, geb', 'Gluten, Lupine, Sesamzaad', 4.55, 2, 8, 'J'),
(51, 'Worstenbroodjes', '55% deeg (_tarwebloem_, water, plantaardige oli?n (raapzaad,', 'Eieren, Gluten, Melk', 1.12, 9, 4, 'J'),
(52, 'Bakkers Brood', '57% TARWEbloem, water, 3,7% maisgries, bakkersgist, 2,7% mai', 'Gluten', 2.88, 2, 6, 'J'),
(53, 'Wafels met creme (6 stuks)', '65% cr?me (suiker, palmvet, dextrose, lactose (MELK), magere', 'Eier, Gluten, Milch, Soja', 10.33, 1, 6, 'J'),
(54, 'Witte tarwebollen (4 stuks)', '66% TARWEBLOEM, water, bakkersgist, weipoeder (MELK), suiker', 'Gluten, Melk', 3.86, 11, 8, 'J'),
(55, 'Fijn volkoren', '68% olkoren tarwemeel, water, begist, 1,7% tarwegluten, gejo', 'Gluten', 3.92, 2, 16, 'N'),
(56, 'petit pain bruin', '70 AD Gemiddelde', '2.05', 2.75, 4, 11, 'J'),
(57, 'Volkoren', '8 718452 356591&gt; Verkoopdatu Zie clip, Ingredi?nten Volko', 'Gluten, Sesame seeds, Soybeans', 4.15, 2, 18, 'J'),
(58, 'Witte bol sesam', 'ARWEbloem, water, gist, SESAMzaad (ongepeld) (3%), weipoeder', 'Melk, Sesamzaad', 0.59, 11, 9, 'J'),
(59, 'Liefde en passie emmer brood', 'Emmertarwebloem, water, tarwemoutvlokken, 5,9% emmertarwedes', 'Gluten', 6.33, 8, 4, 'J'),
(60, 'Tiramisu (groot)', 'glucose-fructosestroop, suiker, plantaardige vetten (palm, k', 'Gluten, Melk', 10.57, 1, 4, 'J'),
(61, 'Witte choco framboos vlaai', 'Magere melk, suiker, water, plantaardige olie (palm, palmpit', 'Eieren, Gluten, Melk, Soja', 21.83, 1, 2, 'J'),
(62, 'Oranje tompouce (4 stuks)', 'palmvet, volle melk, glucosestroop, gemodificeerd zetmeel (a', 'Melk', 11.45, 1, 20, 'J'),
(63, 'Glutenvrije Hazelino', 'Rietsuiker\r\nroom, cacaomassa, suiker, hazelnootstukjes 9,4%,', 'Noten', 15.33, 1, 19, 'J'),
(64, 'Hazelino', 'Suiker, plantaardige oli?n (kokos, palm, raapzaad), plantaar', 'Melk, Noten, Soja', 11.93, 1, 9, 'J'),
(65, 'Banket Broodjes (5 stuks)', 'Suiker, tarwebloem, plantaardige oli?n en vetten (palm, raap', 'Gluten, Soja', 2.25, 1, 9, 'J'),
(66, 'Speculaas crumble muffin', 'suiker,_ TARWEbloem_, water, Plantaardige Olie (zonnebloem, ', 'Gluten, Melk', 1.13, 1, 7, 'J'),
(67, 'Beiers landbrood', 'TARHEbloem 57%, water, ROGGEbloem 9%. geinactiveerd desempoe', 'Gluten, Melk', 4.06, 2, 5, 'J'),
(68, 'Turks brood', 'TARWEbloem 56,4%, water, TARWEmoutmeel 2.3%, gist, bakkerszo', 'Gluten, Sesamzaad', 2.96, 5, 13, 'N'),
(69, 'Roomboter gesuikerde krakelingen (10 stuks)', 'tarwebloem, 26% roomboter, 21% suiker, gist, zout. tarweglut', 'Gluten, Melk', 4.19, 1, 9, 'J'),
(70, 'Saucijzen broodjes (7 stuks)', 'Tarwebloem, 30% varkensvlees, water, margarine (palmvet, wat', 'Gluten', 6.30, 9, 19, 'J'),
(71, 'Vruchten koeken', 'Tarwebloem, glucose-fructosestroop, suiker, plantaardige oli', 'Gluten, Melk, Soja, de:tarwegluten', 5.35, 1, 13, 'J'),
(72, 'Rozijnenpof met spijs', 'TARWEBLOEM, volkoren TARWEMEEL, 22% rozijnen, 18% amandelspi', 'Gluten, Melk, Noten', 6.02, 7, 18, 'J'),
(73, 'Witte Schnittbroodjes (5 stuks)', 'tarwebloem, water, bakkersgist, bakkerszout, ge?nactiveerde ', 'Gluten', 2.15, 11, 3, 'J'),
(74, 'Petit pain wit', 'TARWEbloem, water, bakkersgist, bakkerszout, rijstmeel, TARW', 'Gluten, Noten', 2.83, 4, 12, 'J'),
(75, 'Witte voordeelbollen (12 stuks)', 'Tarwebloem, water, bakkersgist, dextrose, tarwegluten, weipo', 'Gluten, Melk', 2.36, 11, 6, 'J'),
(76, 'Hamburger broodjes (4 stuks)', 'TARWEbloem, water, bakkersgist, glucose-fructosestroop, \r\nra', 'Gluten, Sesamzaad', 1.64, 9, 6, 'N'),
(77, 'Hamburgerbroodjes sesam (4 stuks)', 'TARWEBLOEM, water, bakkersgist, glucose-fructosestroop, raap', 'Gluten, Sesamzaad', 1.83, 9, 10, 'J'),
(78, 'Pita broodjes (5 stuks)', 'Tarwebloem, water, bakkersgist, zout, dextrose.', 'Gluten', 2.44, 4, 2, 'J'),
(79, 'Libanees brood', 'TARWEbloem, water, concentraat (worteI, rode biet, spinazie)', 'Gluten', 4.88, 5, 18, 'J'),
(80, 'Witte zonnepitbolletjes (4 stuks)', 'TARWEbloem, water, gist (TARWE), weipoeder (MELK), zonnebloe', 'Gluten, Melk', 3.93, 9, 2, 'J'),
(81, 'Kaiser Broodjes (12 stuks)', 'Tarwebloem, water, gist, gejodeerd zout, gefermenteerd tarwe', 'Gluten', 3.39, 11, 4, 'J'),
(82, 'vezelrijk lichtbruin brood', 'tarwebloem, water, volkorentarwemeel, tarwegluten, tarweveze', 'Gluten', 3.93, 2, 7, 'J'),
(83, 'Turks Mini Brood (2x100g)', 'Tarwebroodingredi?nten: tarwebloem, water, plantaardige olie', 'Gluten, Sesamzaad, Soja', 2.08, 4, 3, 'J'),
(84, 'Turks Mini Brood (4x100g)', 'Tarwebroodingredi?nten: tarwebloem, water, plantaardige olie', 'Gluten, Sesamzaad, Soja', 5.08, 5, 20, 'J'),
(85, 'Wadloper', 'tarwemeel (ROGGE, TARWE), Nater, roggebloen (ROGGE, TARWE), ', 'Gluten, Melk', 4.03, 2, 22, 'J'),
(86, 'Bruine bollen (6 stuks)', 'tarwemeel, water, bakkersgist, dextrose, weipoeder (MELK), g', 'Gluten, Melk, Soja', 2.58, 3, 3, 'J'),
(87, 'Piccolo wit', 'Tarwemeel, water, gist, bakkerszout (zout, kaliumjodaat), de', 'Gluten', 0.63, 11, 7, 'J'),
(88, 'Zachte volkorenbroodjes (6 stuks)', 'Volkoren TARWEmeel, water, bakkersgist, TARWEgluten, dextros', 'Gluten, Melk', 1.96, 3, 13, 'J'),
(89, 'Bakkers Bollen (4 stuks)', 'Volkoren tarwemeel, water, havervlok, tarwegluten, bakkersgi', 'Gluten', 2.04, 11, 10, 'J'),
(90, 'Volkoren zonnepit brood', 'volkorenmeel, water, 8% zonnebloempitten, TARwegluten, TARWE', 'Gluten', 4.39, 8, 14, 'J'),
(91, 'Allinson volkoren', 'Volkorentarwemeel, water, bakkersgist, gejodeerd zout, moutm', 'Gluten', 3.06, 2, 18, 'J'),
(92, 'Volkoren bollen (5 stuks)', 'VolkorenTARWEmeel, water, bakkersgist, TARWEgluten, dextrose', 'Gluten, Melk', 2.40, 3, 22, 'J'),
(93, 'Extra grof volkoren', 'volkorenTARWEmeel, water, TARWE, gist, bakkerszout, SOJAbloe', 'Gluten, Lupine, Noten, Soja, Sezamzaad', 3.92, 2, 13, 'J'),
(94, 'Kletzen bread', 'water, 15% vijgen (vijgen, rijstebloem), 11% abrikozen (abri', 'Gluten, Noten, Zwaveldioxide en sulfieten', 3.82, 8, 11, 'J'),
(95, 'Brood lijnzaad', 'Water, eiwit-mengsel (12%) (tarwe-eiwit, erwteneiwit), bruin', 'Lait, Graines de s?same', 3.96, 6, 23, 'J'),
(96, 'biologisch desem glutenvrij brood', 'Water, haver vlokken(glutenvrij) *, rijstmeel*, rijstzuurdes', '', 4.19, 8, 16, 'N'),
(97, 'Meerzadenbrood glutenvrij', 'Water, rijstebloem, tapiocazetmeel, aardappel - zetmeel, raa', '', 5.62, 8, 18, 'J'),
(98, 'Meerzadenbollen zonder gluten (4 stuks)', 'Water, rijstebloem, tapiocazetmeel, aardappelzetmeel, raapza', 'Melk', 2.88, 3, 16, 'J'),
(99, 'Volkoren roggebrood', 'Water, volkoren roggemeel, rogge, tarwebloem, bakkersgist, b', 'Gluten', 3.05, 8, 21, 'J'),
(100, 'Volkoren brood koolhydraat verlaagd', 'Water, volkoren TARWEmeel 20%, TARWEgluten, SOJA bloem, lijn', 'Gluten, Soja', 3.97, 2, 4, 'J'),
(101, 'melkwit', '', '', 2.99, 10, 2, 'J'),
(102, 'tijgerbrood laag', '', '', 3.14, 10, 18, 'J'),
(103, 'casino witbrood', '', '', 3.17, 10, 23, 'J'),
(104, 'tijgerbrood hoog', '', '', 3.71, 10, 23, 'J');

-- --------------------------------------------------------

--
-- Tabelstructuur voor tabel `purchase`
--

DROP TABLE IF EXISTS `purchase`;
CREATE TABLE IF NOT EXISTS `purchase` (
  `ID` int NOT NULL AUTO_INCREMENT,
  `clientid` int NOT NULL,
  `purchasedate` date NOT NULL,
  `delivered` tinyint(1) NOT NULL,
  PRIMARY KEY (`ID`)
) ENGINE=InnoDB DEFAULT CHARSET=utf8mb4 COLLATE=utf8mb4_general_ci;

-- --------------------------------------------------------

--
-- Tabelstructuur voor tabel `purchaseline`
--

DROP TABLE IF EXISTS `purchaseline`;
CREATE TABLE IF NOT EXISTS `purchaseline` (
  `ID` int NOT NULL AUTO_INCREMENT,
  `purchaseid` int NOT NULL,
  `productid` int NOT NULL,
  `price` decimal(7,2) NOT NULL,
  `quantity` int NOT NULL,
  PRIMARY KEY (`ID`)
) ENGINE=InnoDB DEFAULT CHARSET=utf8mb4 COLLATE=utf8mb4_general_ci;

-- --------------------------------------------------------

--
-- Tabelstructuur voor tabel `supplier`
--

DROP TABLE IF EXISTS `supplier`;
CREATE TABLE IF NOT EXISTS `supplier` (
  `ID` int NOT NULL AUTO_INCREMENT,
  `company` varchar(50) COLLATE utf8mb4_general_ci DEFAULT NULL,
  `adress` varchar(50) COLLATE utf8mb4_general_ci DEFAULT NULL,
  `streetnr` varchar(50) COLLATE utf8mb4_general_ci DEFAULT NULL,
  `zipcode` varchar(50) COLLATE utf8mb4_general_ci DEFAULT NULL,
  `city` varchar(50) COLLATE utf8mb4_general_ci DEFAULT NULL,
  `state` varchar(50) COLLATE utf8mb4_general_ci DEFAULT NULL,
  `countryid` int DEFAULT NULL,
  `telephone` varchar(50) COLLATE utf8mb4_general_ci DEFAULT NULL,
  `website` varchar(1000) COLLATE utf8mb4_general_ci DEFAULT NULL,
  PRIMARY KEY (`ID`)
) ENGINE=InnoDB AUTO_INCREMENT=25 DEFAULT CHARSET=utf8mb4 COLLATE=utf8mb4_general_ci;

--
-- Gegevens worden geëxporteerd voor tabel `supplier`
--

INSERT INTO `supplier` (`ID`, `company`, `adress`, `streetnr`, `zipcode`, `city`, `state`, `countryid`, `telephone`, `website`) VALUES
(1, 'Appie', 'Manitowish', '2647', '7524', 'Enschede', 'Provincie Overijssel', 157, '106-799-7147', 'https://miibeian.gov.cn/sodales/scelerisque/mauris/sit/amet/eros.html?phasellus=dui&sit=vel&amet=nisl&erat=duis&nulla=ac&tempus=nibh&vivamus=fusce&in=lacus&felis=purus&eu=aliquet&sapien=at&cursus=feugiat&vestibulum=non&proin=pretium'),
(2, 'nrmaal', 'Carberry', '16', '6509', 'Nijmegen', 'Provincie Gelderland', 157, '713-631-3278', 'https://163.com/tristique/in/tempus/sit.xml?nunc=in&purus=imperdiet&phasellus=et&in=commodo&felis=vulputate&donec=justo&semper=in&sapien=blandit&a=ultrices&libero=enim&nam=lorem&dui=ipsum&proin=dolor&leo=sit&odio=amet&porttitor=consectetuer&id=adipiscing&consequat=elit&in=proin&consequat=interdum&ut=mauris&nulla=non&sed=ligula&accumsan=pellentesque&felis=ultrices&ut=phasellus&at=id&dolor=sapien&quis=in&odio=sapien&consequat=iaculis&varius=congue&integer=vivamus&ac=metus&leo=arcu&pellentesque=adipiscing&ultrices=molestie&mattis=hendrerit&odio=at&donec=vulputate&vitae=vitae'),
(3, 'Olivant', 'Truax', '6', '74080', 'Heilbronn', 'Baden-Württemberg', 83, '150-574-7535', 'https://blinklist.com/tristique/in.js?lacus=nec&morbi=condimentum&quis=neque&tortor=sapien&id=placerat&nulla=ante&ultrices=nulla&aliquet=justo&maecenas=aliquam&leo=quis&odio=turpis&condimentum=eget&id=elit&luctus=sodales&nec=scelerisque&molestie=mauris&sed=sit&justo=amet&pellentesque=eros&viverra=suspendisse&pede=accumsan&ac=tortor&diam=quis&cras=turpis&pellentesque=sed&volutpat=ante&dui=vivamus&maecenas=tortor&tristique=duis&est=mattis&et=egestas&tempus=metus&semper=aenean&est=fermentum&quam=donec&pharetra=ut&magna=mauris&ac=eget&consequat=massa&metus=tempor&sapien=convallis&ut=nulla&nunc=neque&vestibulum=libero&ante=convallis&ipsum=eget&primis=eleifend&in=luctus'),
(4, 'Danish', 'Muir', '13727', 'SG4', 'Langley', 'England', 235, '684-901-2365', 'http://nsw.gov.au/accumsan.html?duis=fusce&faucibus=lacus&accumsan=purus&odio=aliquet&curabitur=at&convallis=feugiat&duis=non&consequat=pretium&dui=quis&nec=lectus&nisi=suspendisse&volutpat=potenti&eleifend=in&donec=eleifend&ut=quam&dolor=a&morbi=odio&vel=in&lectus=hac&in=habitasse&quam=platea&fringilla=dictumst&rhoncus=maecenas&mauris=ut&enim=massa&leo=quis&rhoncus=augue&sed=luctus&vestibulum=tincidunt&sit=nulla&amet=mollis&cursus=molestie&id=lorem&turpis=quisque&integer=ut&aliquet=erat&massa=curabitur&id=gravida&lobortis=nisi&convallis=at&tortor=nibh'),
(5, 'YAM', 'International', '788', 'PR1', 'Preston', 'England', 235, '951-297-5141', 'http://imdb.com/erat/eros.html?et=sapien&ultrices=varius&posuere=ut&cubilia=blandit&curae=non&nulla=interdum&dapibus=in&dolor=ante&vel=vestibulum&est=ante&donec=ipsum&odio=primis&justo=in&sollicitudin=faucibus&ut=orci&suscipit=luctus&a=et&feugiat=ultrices&et=posuere&eros=cubilia&vestibulum=curae&ac=duis&est=faucibus&lacinia=accumsan&nisi=odio&venenatis=curabitur&tristique=convallis&fusce=duis&congue=consequat&diam=dui&id=nec&ornare=nisi&imperdiet=volutpat&sapien=eleifend&urna=donec&pretium=ut&nisl=dolor&ut=morbi&volutpat=vel&sapien=lectus&arcu=in&sed=quam&augue=fringilla&aliquam=rhoncus&erat=mauris&volutpat=enim&in=leo&congue=rhoncus&etiam=sed&justo=vestibulum&etiam=sit&pretium=amet&iaculis=cursus&justo=id&in=turpis&hac=integer&habitasse=aliquet&platea=massa&dictumst=id&etiam=lobortis&faucibus=convallis&cursus=tortor&urna=risus&ut=dapibus&tellus=augue&nulla=vel&ut=accumsan&erat=tellus&id=nisi&mauris=eu&vulputate=orci'),
(6, 'Tasty basics', 'Lukken', '55', 'SW19', 'Merton', 'England', 235, '284-412-0450', 'https://jigsy.com/consequat/dui.jsp?velit=habitasse&donec=platea&diam=dictumst&neque=etiam&vestibulum=faucibus&eget=cursus&vulputate=urna&ut=ut&ultrices=tellus&vel=nulla&augue=ut&vestibulum=erat&ante=id&ipsum=mauris&primis=vulputate&in=elementum&faucibus=nullam&orci=varius&luctus=nulla&et=facilisi&ultrices=cras&posuere=non&cubilia=velit&curae=nec&donec=nisi&pharetra=vulputate&magna=nonummy&vestibulum=maecenas&aliquet=tincidunt&ultrices=lacus'),
(7, 'Braas', 'Northport', '589', '12683', 'Berlin', 'Berlin', 83, '197-213-0037', 'https://foxnews.com/habitasse/platea/dictumst/maecenas.aspx?nulla=penatibus&eget=et&eros=magnis&elementum=dis&pellentesque=parturient&quisque=montes&porta=nascetur&volutpat=ridiculus&erat=mus&quisque=etiam&erat=vel&eros=augue&viverra=vestibulum&eget=rutrum&congue=rutrum&eget=neque&semper=aenean&rutrum=auctor&nulla=gravida&nunc=sem&purus=praesent&phasellus=id&in=massa&felis=id&donec=nisl&semper=venenatis&sapien=lacinia&a=aenean&libero=sit&nam=amet&dui=justo&proin=morbi&leo=ut&odio=odio&porttitor=cras&id=mi&consequat=pede&in=malesuada&consequat=in&ut=imperdiet&nulla=et&sed=commodo&accumsan=vulputate&felis=justo&ut=in&at=blandit&dolor=ultrices&quis=enim&odio=lorem&consequat=ipsum&varius=dolor&integer=sit&ac=amet&leo=consectetuer&pellentesque=adipiscing&ultrices=elit&mattis=proin&odio=interdum&donec=mauris&vitae=non&nisi=ligula&nam=pellentesque&ultrices=ultrices&libero=phasellus&non=id&mattis=sapien&pulvinar=in&nulla=sapien&pede=iaculis&ullamcorper=congue&augue=vivamus&a=metus&suscipit=arc'),
(8, 'Mand', 'Carey', '3090', '47139', 'Duisburg', 'Nordrhein-Westfalen', 83, '717-898-4612', 'http://boston.com/adipiscing/elit/proin/interdum.xml?sem=id&duis=turpis&aliquam=integer&convallis=aliquet&nunc=massa&proin=id&at=lobortis&turpis=convallis&a=tortor&pede=risus&posuere=dapibus&nonummy=augue&integer=vel&non=accumsan&velit=tellus&donec=nisi&diam=eu'),
(9, 'Stadbakkers', 'Moland', '3649', '65191', 'Wiesbaden', 'Hessen', 83, '433-422-0752', 'http://irs.gov/phasellus/in/felis/donec/semper.aspx?eros=sapien&elementum=iaculis&pellentesque=congue&quisque=vivamus&porta=metus&volutpat=arcu&erat=adipiscing&quisque=molestie&erat=hendrerit&eros=at&viverra=vulputate&eget=vitae&congue=nisl&eget=aenean&semper=lectus&rutrum=pellentesque&nulla=eget&nunc=nunc&purus=donec&phasellus=quis&in=orci&felis=eget&donec=orci&semper=vehicula&sapien=condimentum&a=curabitur&libero=in&nam=libero&dui=ut&proin=massa&leo=volutpat&odio=convallis&porttitor=morbi&id=odio&consequat=odio&in=elementum'),
(10, 'Delfshaven', 'Acker', '82958', '30629', 'Hannover', 'Niedersachsen', 83, '409-884-6278', 'https://google.nl/ligula/vehicula/consequat/morbi/a.aspx?varius=ipsum&nulla=primis&facilisi=in&cras=faucibus&non=orci&velit=luctus&nec=et&nisi=ultrices&vulputate=posuere&nonummy=cubilia&maecenas=curae&tincidunt=mauris&lacus=viverra&at=diam&velit=vitae&vivamus=quam&vel=suspendisse&nulla=potenti&eget=nullam&eros=porttitor&elementum=lacus&pellentesque=at&quisque=turpis&porta=donec&volutpat=posuere&erat=metus&quisque=vitae&erat=ipsum&eros=aliquam&viverra=non&eget=mauris'),
(11, 'Willig', 'Springs', '3', '6539', 'Nijmegen', 'Provincie Gelderland', 157, '776-273-8755', 'https://state.gov/dis/parturient.xml?mauris=tortor&viverra=risus&diam=dapibus&vitae=augue&quam=vel&suspendisse=accumsan&potenti=tellus&nullam=nisi&porttitor=eu&lacus=orci&at=mauris&turpis=lacinia&donec=sapien&posuere=quis&metus=libero&vitae=nullam&ipsum=sit&aliquam=amet&non=turpis&mauris=elementum&morbi=ligula&non=vehicula&lectus=consequat&aliquam=morbi&sit=a&amet=ipsum&diam=integer&in=a&magna=nibh&bibendum=in&imperdiet=quis&nullam=justo&orci=maecenas&pede=rhoncus&venenatis=aliquam&non=lacus&sodales=morbi&sed=quis&tincidunt=tortor&eu=id&felis=nulla&fusce=ultrices&posuere=aliquet&felis=maecenas&sed=leo&lacus=odio&morbi=condimentum&sem=id&mauris=luctus&laoreet=nec&ut=molestie&rhoncus=sed'),
(12, 'Leo Glutenvrij', 'Bluejay', '363', '5629', 'Eindhoven', 'Provincie Noord-Brabant', 157, '214-654-6250', 'https://businesswire.com/pellentesque/viverra/pede/ac.jpg?sit=orci&amet=luctus&sem=et&fusce=ultrices&consequat=posuere&nulla=cubilia&nisl=curae&nunc=nulla&nisl=dapibus&duis=dolor&bibendum=vel&felis=est&sed=donec&interdum=odio&venenatis=justo&turpis=sollicitudin&enim=ut&blandit=suscipit&mi=a&in=feugiat&porttitor=et&pede=eros&justo=vestibulum&eu=ac&massa=est&donec=lacinia&dapibus=nisi&duis=venenatis&at=tristique&velit=fusce&eu=congue&est=diam&congue=id&elementum=ornare&in=imperdiet&hac=sapien&habitasse=urna&platea=pretium&dictumst=nisl&morbi=ut&vestibulum=volutpat&velit=sapien&id=arcu&pretium=sed&iaculis=augue&diam=aliquam&erat=erat&fermentum=volutpat&justo=in&nec=congue&condimentum=etiam&neque=justo&sapien=etiam&placerat=pretium&ante=iaculis&nulla=justo&justo=in&aliquam=hac&quis=habitasse&turpis=platea&eget=dictumst&elit=etiam&sodales=faucibus&scelerisque=cursus&mauris=urna&sit=ut&amet=tellus&eros=nulla&suspendisse=ut&accumsan=erat&tortor=id&quis=mauris&turpis=vulputate&sed=elementum&an'),
(13, 'Bombay Rose', 'American Ash', '102', '6414', 'Heerlen', 'Provincie Limburg', 157, NULL, 'https://cbc.ca/ultrices/posuere/cubilia/curae/mauris/viverra/diam.xml?lectus=blandit&vestibulum=ultrices&quam=enim&sapien=lorem&varius=ipsum&ut=dolor&blandit=sit&non=amet&interdum=consectetuer&in=adipiscing&ante=elit&vestibulum=proin&ante=interdum&ipsum=mauris&primis=non&in=ligula&faucibus=pellentesque&orci=ultrices&luctus=phasellus&et=id&ultrices=sapien&posuere=in&cubilia=sapien&curae=iaculis&duis=congue&faucibus=vivamus&accumsan=metus&odio=arcu&curabitur=adipiscing&convallis=molestie&duis=hendrerit&consequat=at&dui=vulputate&nec=vitae&nisi=nisl&volutpat=aenean&eleifend=lectus&donec=pellentesque&ut=eget&dolor=nunc&morbi=donec&vel=quis&lectus=orci&in=eget&quam=orci&fringilla=vehicula&rhoncus=condimentum&mauris=curabitur&enim=in&leo=libero&rhoncus=ut&sed=massa&vestibulum=volutpat&sit=convallis&amet=morbi&cursus=odio&id=odio&turpis=elementum&integer=eu&aliquet=interdum&massa=eu&id=tincidunt&lobortis=in&convallis=leo&tortor=maecenas&risus=pulvinar&dapibus=lobortis&augue=est&vel=phasellus&'),
(14, 'Vomar', 'Manley', '25866', '13347', 'Berlin', 'Berlin', 83, '152-700-9053', 'https://vimeo.com/eu/sapien/cursus.js?rutrum=nunc&neque=nisl&aenean=duis&auctor=bibendum&gravida=felis&sem=sed&praesent=interdum&id=venenatis&massa=turpis&id=enim&nisl=blandit&venenatis=mi&lacinia=in&aenean=porttitor&sit=pede&amet=justo&justo=eu&morbi=massa&ut=donec&odio=dapibus&cras=duis&mi=at&pede=velit&malesuada=eu&in=est&imperdiet=congue&et=elementum&commodo=in&vulputate=hac&justo=habitasse&in=platea&blandit=dictumst&ultrices=morbi&enim=vestibulum&lorem=velit&ipsum=id&dolor=pretium&sit=iaculis&amet=diam&consectetuer=erat&adipiscing=fermentum&elit=justo&proin=nec&interdum=condimentum&mauris=neque&non=sapien&ligula=placerat&pellentesque=ante&ultrices=nulla&phasellus=justo&id=aliquam&sapien=quis&in=turpis&sapien=eget&iaculis=elit&congue=sodales&vivamus=scelerisque&metus=mauris&arcu=sit&adipiscing=amet&molestie=eros&hendrerit=suspendisse'),
(15, 'Ekoplastic', 'International', '83210', '5100', 'Namur', 'Wallonie', 22, '730-282-7921', 'http://github.com/porttitor.js?amet=pellentesque&sem=eget&fusce=nunc&consequat=donec&nulla=quis&nisl=orci&nunc=eget&nisl=orci&duis=vehicula&bibendum=condimentum&felis=curabitur&sed=in&interdum=libero&venenatis=ut&turpis=massa&enim=volutpat&blandit=convallis&mi=morbi&in=odio&porttitor=odio&pede=elementum&justo=eu&eu=interdum&massa=eu&donec=tincidunt&dapibus=in&duis=leo&at=maecenas&velit=pulvinar&eu=lobortis&est=est&congue=phasellus&elementum=sit&in=amet&hac=erat&habitasse=nulla&platea=tempus&dictumst=vivamus&morbi=in&vestibulum=felis&velit=eu'),
(16, 'Shanghai Lilly', 'Myrtle', '650', '7524', 'Enschede', 'Provincie Overijssel', 157, '691-703-1813', 'http://istockphoto.com/quis/orci/eget.jpg?platea=nullam&dictumst=orci&maecenas=pede&ut=venenatis&massa=non&quis=sodales&augue=sed&luctus=tincidunt&tincidunt=eu&nulla=felis&mollis=fusce&molestie=posuere&lorem=felis&quisque=sed&ut=lacus&erat=morbi&curabitur=sem&gravida=mauris&nisi=laoreet&at=ut&nibh=rhoncus&in=aliquet&hac=pulvinar&habitasse=sed&platea=nisl&dictumst=nunc&aliquam=rhoncus&augue=dui&quam=vel&sollicitudin=sem&vitae=sed&consectetuer=sagittis&eget=nam&rutrum=congue&at=risus&lorem=semper&integer=porta&tincidunt=volutpat&ante=quam&vel=pede&ipsum=lobortis&praesent=ligula&blandit=sit&lacinia=amet&erat=eleifend&vestibulum=pede&sed=libero&magna=quis&at=orci&nunc=nullam&commodo=molestie&placerat=nibh&praesent=in&blandit=lectus&nam=pellentesque&nulla=at&integer=nulla&pede=suspendisse&justo=potenti&lacinia=cras&eget=in&tincidunt=purus&eget=eu&tempus=magna&vel=vulputate&pede=luctus&morbi=cum&porttitor=sociis&lorem=natoque&id=penatibus&ligula=et&suspendisse=magnis&ornare=dis&consequat=par'),
(17, 'KunstAr', 'Basil', '22', '79114', 'Freiburg im Breisgau', 'Baden-Württemberg', 83, '371-380-9179', 'http://constantcontact.com/platea/dictumst/morbi/vestibulum.js?ac=adipiscing&enim=elit&in=proin&tempor=interdum&turpis=mauris&nec=non&euismod=ligula&scelerisque=pellentesque&quam=ultrices&turpis=phasellus&adipiscing=id&lorem=sapien&vitae=in&mattis=sapien&nibh=iaculis&ligula=congue&nec=vivamus&sem=metus&duis=arcu&aliquam=adipiscing&convallis=molestie&nunc=hendrerit&proin=at&at=vulputate&turpis=vitae&a=nisl&pede=aenean&posuere=lectus&nonummy=pellentesque&integer=eget&non=nunc&velit=donec&donec=quis&diam=orci&neque=eget&vestibulum=orci&eget=vehicula&vulputate=condimentum&ut=curabitur&ultrices=in&vel=libero&augue=ut&vestibulum=massa&ante=volutpat&ipsum=convallis&primis=morbi&in=odio&faucibus=odio&orci=elementum&luctus=eu&et=interdum&ultrices=eu&posuere=tincidunt&cubilia=in&curae=leo&donec=maecenas&pharetra=pulvinar&magna=lobortis&vestibulum=est&aliquet=phasellus&ultrices=sit&erat=amet&tortor=erat&sollicitudin=nulla&mi=tempus'),
(18, 'Teklist', 'Cordelia', '0634', '42285', 'Wuppertal', 'Nordrhein-Westfalen', 83, '279-936-6657', 'http://dedecms.com/erat/nulla/tempus/vivamus/in/felis.jsp?amet=cubilia&erat=curae&nulla=donec&tempus=pharetra&vivamus=magna&in=vestibulum&felis=aliquet&eu=ultrices&sapien=erat&cursus=tortor&vestibulum=sollicitudin'),
(19, 'Oyondu', 'Northfield', '57501', '7524', 'Enschede', 'Provincie Overijssel', 157, NULL, 'http://sbwire.com/diam/cras/pellentesque/volutpat/dui/maecenas.xml?a=eleifend&pede=donec&posuere=ut&nonummy=dolor&integer=morbi&non=vel&velit=lectus&donec=in&diam=quam&neque=fringilla&vestibulum=rhoncus&eget=mauris&vulputate=enim&ut=leo&ultrices=rhoncus&vel=sed&augue=vestibulum&vestibulum=sit&ante=amet&ipsum=cursus&primis=id&in=turpis&faucibus=integer&orci=aliquet&luctus=massa&et=id&ultrices=lobortis&posuere=convallis&cubilia=tortor&curae=risus&donec=dapibus&pharetra=augue&magna=vel&vestibulum=accumsan&aliquet=tellus&ultrices=nisi'),
(20, 'Izio', 'Coleman', '21', '3502', 'Utrecht (stad)', 'Provincie Utrecht', 157, '754-153-4629', 'https://hugedomains.com/elementum/ligula/vehicula/consequat/morbi.aspx?pede=tempus&ac=vivamus&diam=in&cras=felis&pellentesque=eu&volutpat=sapien&dui=cursus&maecenas=vestibulum&tristique=proin&est=eu&et=mi&tempus=nulla&semper=ac&est=enim&quam=in&pharetra=tempor&magna=turpis&ac=nec&consequat=euismod&metus=scelerisque&sapien=quam&ut=turpis&nunc=adipiscing&vestibulum=lorem&ante=vitae&ipsum=mattis&primis=nibh&in=ligula&faucibus=nec&orci=sem&luctus=duis&et=aliquam&ultrices=convallis&posuere=nunc&cubilia=proin&curae=at&mauris=turpis&viverra=a&diam=pede&vitae=posuere&quam=nonummy&suspendisse=integer&potenti=non&nullam=velit&porttitor=donec&lacus=diam&at=neque&turpis=vestibulum&donec=eget&posuere=vulputate&metus=ut&vitae=ultrices&ipsum=vel&aliquam=augue&non=vestibulum&mauris=ante&morbi=ipsum&non=primis&lectus=in&aliquam=faucibus&sit=orci&amet=luctus&diam=et&in=ultrices&magna=posuere&bibendum=cubilia&imperdiet=curae&nullam=donec&orci=pharetra&pede=magna&venenatis=vestibulum&non=aliquet'),
(21, 'Oyoba', 'David', '3', '1049', 'Amsterdam Westpoort', 'Provincie Noord-Holland', 157, '263-499-2250', 'http://theglobeandmail.com/lorem/ipsum/dolor.xml?quis=imperdiet&orci=et&nullam=commodo&molestie=vulputate&nibh=justo&in=in&lectus=blandit&pellentesque=ultrices&at=enim&nulla=lorem&suspendisse=ipsum&potenti=dolor&cras=sit&in=amet&purus=consectetuer&eu=adipiscing&magna=elit&vulputate=proin&luctus=interdum&cum=mauris&sociis=non&natoque=ligula&penatibus=pellentesque&et=ultrices&magnis=phasellus&dis=id&parturient=sapien&montes=in&nascetur=sapien&ridiculus=iaculis&mus=congue&vivamus=vivamus&vestibulum=metus&sagittis=arcu&sapien=adipiscing&cum=molestie&sociis=hendrerit&natoque=at&penatibus=vulputate&et=vitae&magnis=nisl&dis=aenean&parturient=lectus&montes=pellentesque&nascetur=eget&ridiculus=nunc&mus=donec&etiam=quis&vel=orci&augue=eget&vestibulum=orci&rutrum=vehicula&rutrum=condimentum&neque=curabitur&aenean=in&auctor=libero&gravida=ut&sem=massa&praesent=volutpat&id=convallis&massa=morbi&id=odio&nisl=odio&venenatis=elementum&lacinia=eu&aenean=interdum&sit=eu&amet=tincidunt&justo=in&morbi=leo'),
(22, 'Thoughtbridge', 'Mitchell', '96312', '4839', 'Breda', 'Provincie Noord-Brabant', 157, '335-969-6328', 'https://businessinsider.com/maecenas.jpg?feugiat=posuere&et=nonummy&eros=integer&vestibulum=non&ac=velit&est=donec&lacinia=diam&nisi=neque&venenatis=vestibulum&tristique=eget&fusce=vulputate'),
(23, 'Zoonder', 'Esch', '04', 'RH5', 'Sutton', 'England', 235, '231-414-3888', 'https://ebay.com/habitasse/platea/dictumst/morbi.jsp?nam=morbi&nulla=quis&integer=tortor&pede=id&justo=nulla&lacinia=ultrices&eget=aliquet&tincidunt=maecenas&eget=leo&tempus=odio&vel=condimentum&pede=id&morbi=luctus&porttitor=nec&lorem=molestie&id=sed&ligula=justo&suspendisse=pellentesque&ornare=viverra&consequat=pede&lectus=ac&in=diam&est=cras&risus=pellentesque&auctor=volutpat&sed=dui&tristique=maecenas&in=tristique&tempus=est&sit=et&amet=tempus&sem=semper&fusce=est&consequat=quam&nulla=pharetra&nisl=magna&nunc=ac&nisl=consequat&duis=metus&bibendum=sapien&felis=ut&sed=nunc&interdum=vestibulum&venenatis=ante&turpis=ipsum&enim=primis&blandit=in'),
(24, 'Kwideo', 'Bayside', '6', '6714', 'Ede', 'Provincie Gelderland', 157, '955-184-0384', 'http://google.fr/eu/felis/fusce/posuere/felis.png?donec=dictumst&ut=maecenas&dolor=ut&morbi=massa&vel=quis&lectus=augue&in=luctus&quam=tincidunt&fringilla=nulla&rhoncus=mollis&mauris=molestie&enim=lorem&leo=quisque&rhoncus=ut&sed=erat&vestibulum=curabitur&sit=gravida&amet=nisi&cursus=at&id=nibh&turpis=in&integer=hac&aliquet=habitasse&massa=platea&id=dictumst&lobortis=aliquam&convallis=augue&tortor=quam&risus=sollicitudin&dapibus=vitae&augue=consectetuer&vel=eget&accumsan=rutrum&tellus=at&nisi=lorem&eu=integer&orci=tincidunt&mauris=ante&lacinia=vel&sapien=ipsum&quis=praesent&libero=blandit&nullam=lacinia&sit=erat&amet=vestibulum&turpis=sed&elementum=magna&ligula=at&vehicula=nunc&consequat=commodo&morbi=placerat&a=praesent&ipsum=blandit&integer=nam');
COMMIT;

/*!40101 SET CHARACTER_SET_CLIENT=@OLD_CHARACTER_SET_CLIENT */;
/*!40101 SET CHARACTER_SET_RESULTS=@OLD_CHARACTER_SET_RESULTS */;
/*!40101 SET COLLATION_CONNECTION=@OLD_COLLATION_CONNECTION */;
